ts_code,name,management,custodian,fund_type_x,found_date,due_date,list_date,issue_date,delist_date,issue_amount,m_fee,c_fee,duration_year,p_value,min_amount,exp_return,benchmark,status,invest_type,type,trustee,purc_startdate,redm_startdate,market_x,trade_date,fd_share,fund_type_y,market_y
588000.SH,科创50ETF,华夏基金,招商银行,股票型,20200928,,20201116,20200922,,51.2339,0.5,0.1,,1,0.1,,上证科创板50成份指数收益率,L,被动指数型,契约型开放式,,20201116,20201116,E,20240115,10748966.82,,SH
511990.SH,华宝添益ETF,华宝基金,中国建设银行,货币市场型,20121227,,20130128,20121219,,18.0263,0.35,0.09,,100,0.1,,同期七天通知存款利率(税后),L,货币型,契约型开放式,,20130128,20130128,E,20240115,9551874,CEF,SH
511880.SH,银华日利ETF,银华基金,中国建设银行,货币市场型,20130401,,20130418,20130318,,22.0104,0.3,0.09,,100,0.1,,活期存款利率(税后),L,货币型,契约型开放式,,20130418,20130418,E,20240115,9466320,CEF,SH
513330.SH,恒生互联网ETF,华夏基金,中国建设银行,股票型,20210126,,20210208,20210118,,75.5548,0.5,0.15,,1,0.1,,恒生互联网科技业指数收益率(使用估值汇率折算),L,被动指数型,契约型开放式,,20210208,20210208,E,20240115,8603748,,SH
512170.SH,医疗ETF,华宝基金,中国银行,股票型,20190520,,20190617,20190422,,2.4944,0.5,0.1,,1,0.1,,中证医疗指数收益率,L,被动指数型,契约型开放式,,20190617,20190617,E,20240115,6840682.05,,SH
512010.SH,医药ETF,易方达基金,中国建设银行,股票型,20130923,,20131028,20130826,,5.2117,0.5,0.1,,1,0.1,,沪深300医药卫生指数,L,被动指数型,契约型开放式,,20131028,20131028,E,20240115,5054669.49,,SH
513180.SH,恒生科技指数ETF,华夏基金,中国建设银行,股票型,20210518,,20210525,20210512,,14.5576,0.5,0.15,,1,0.1,,恒生科技指数收益率(使用估值汇率折算),L,被动指数型,契约型开放式,,20210525,20210525,E,20240115,4937475.95,,SH
588080.SH,科创板50ETF,易方达基金,中国工商银行,股票型,20200928,,20201116,20200922,,51.0559,0.4,0.08,,1,0.1,,上证科创板50成份指数收益率,L,被动指数型,契约型开放式,,20201116,20201116,E,20240115,3637362.81,,SH
513050.SH,中概互联网ETF,易方达基金,招商银行,股票型,20170104,,20170118,20161212,,3.0143,0.6,0.25,,1,0.1,,中证海外中国互联网50指数,L,被动指数型,契约型开放式,,20170118,20170118,E,20240115,3620543.27,,SH
510300.SH,沪深300ETF,华泰柏瑞基金,中国工商银行,股票型,20120504,,20120528,20120405,,329.6863,0.5,0.1,,1,0.1,,沪深300指数,L,被动指数型,契约型开放式,,20120528,20120528,E,20240115,3579168.77,ETF,SH
512880.SH,证券ETF,国泰基金,中国建设银行,股票型,20160726,,20160808,20160620,,4.2929,0.5,0.1,,1,0.1,,中证全指证券公司指数收益率,L,被动指数型,契约型开放式,,20160808,20160808,E,20240115,3564329.15,,SH
510050.SH,上证50ETF,华夏基金,中国工商银行,股票型,20041230,,20050223,20041129,,54.3533,0.5,0.1,,1,0.1,,上证50指数,L,被动指数型,契约型开放式,,20050223,20050223,E,20240115,3400806.68,ETF,SH
512480.SH,半导体ETF,国联安基金,国泰君安,股票型,20190508,,20190612,20190422,,3.125,0.5,0.1,,1,0.1,,中证全指半导体产品与设备指数收益率,L,被动指数型,契约型开放式,,20190612,20190612,E,20240115,3304300.36,,SH
513130.SH,恒生科技ETF,华泰柏瑞基金,中国建设银行,股票型,20210524,,20210601,20210512,,11.7225,0.2,0.05,,1,0.1,,恒生科技指数收益率(使用估值汇率折算),L,被动指数型,契约型开放式,,20210601,20210601,E,20240115,3229634.7,,SH
510310.SH,沪深300ETF易方达,易方达基金,中国建设银行,股票型,20130306,,20130325,20130218,,11.0431,0.15,0.05,,1,0.1,,沪深300指数,L,被动指数型,契约型开放式,,20130325,20130325,E,20240115,3072630.74,ETF,SH
159995.SZ,芯片ETF,华夏基金,中国建设银行,股票型,20200120,,20200210,20191224,,53.8846,0.5,0.1,,1,0.1,,国证半导体芯片指数收益率,L,被动指数型,契约型开放式,,20200210,20200210,E,20240115,2926256.301,ETF,SZ
513060.SH,恒生医疗ETF,博时基金,中国农业银行,股票型,20210318,,20210329,20210308,,3.0789,0.5,0.15,,1,0.1,,恒生医疗保健指数收益率(经汇率调整后),L,被动指数型,契约型开放式,,20210329,20210329,E,20240115,2919039.33,,SH
512000.SH,券商ETF,华宝基金,中国建设银行,股票型,20160830,,20160914,20160801,,6.4202,0.5,0.1,,1,0.1,,中证全指证券公司指数,L,被动指数型,契约型开放式,,20160914,20160914,E,20240115,2517871.77,,SH
159949.SZ,创业板50ETF,华安基金,中国建设银行,股票型,20160630,,20160722,20160606,,5.5029,0.5,0.1,,1,0.1,,创业板50指数收益率,L,被动指数型,契约型开放式,,20160722,20160722,E,20240115,2489078.511,ETF,SZ
159915.SZ,创业板ETF,易方达基金,中国工商银行,股票型,20110920,,20111209,20110815,,5.6168,0.5,0.1,,1,0.1,,创业板指数,L,被动指数型,契约型开放式,,20111209,20111209,E,20240115,2413745.494,ETF,SZ
159792.SZ,港股通互联网ETF,富国基金,中国银行,股票型,20210915,,20210928,20210823,,2.4586,0.5,0.1,,1,0.1,,中证港股通互联网指数收益率,L,被动指数型,契约型开放式,,20210928,20210928,E,20240115,2164885.524,ETF,SZ
512760.SH,芯片ETF,国泰基金,中国银行,股票型,20190516,,20190612,20190422,,2.7766,0.5,0.1,,1,0.1,,中华交易服务半导体芯片行业指数收益率,L,被动指数型,契约型开放式,,20190612,20190612,E,20240115,1901192.28,,SH
159941.SZ,纳指ETF,广发基金,中国银行,股票型,20150610,,20150713,20150520,,2.6305,0.8,0.25,,1,0.1,,纳斯达克100指数(Nasdaq-100 Index)收益率(经汇率调整后的总收益指数收益率),L,被动指数型,契约型开放式,,20150713,20150713,E,20240115,1862021.016,ETF,SZ
512690.SH,酒ETF,鹏华基金,中国建设银行,股票型,20190404,,20190506,20190311,,3.5613,0.5,0.1,,1,0.1,,中证酒指数收益率,L,被动指数型,契约型开放式,,20190506,20190506,E,20240115,1641515.02,,SH
511660.SH,货币ETF建信添益,建信基金,国泰君安,货币市场型,20160902,,20160921,20160815,,37.8076,0.25,0.08,,100,0.1,,同期中国人民银行公布的七天通知存款利率(税前),L,货币型,契约型开放式,,20160921,20160921,E,20240115,1633310,CEF,SH
159920.SZ,恒生ETF,华夏基金,中国银行,股票型,20120809,,20121022,20120709,,35.8556,0.6,0.15,,1,0.1,,(人民币/港币汇率*恒生指数)收益率,L,被动指数型,契约型开放式,,20121022,20121022,E,20240115,1558955.922,ETF,SZ
159781.SZ,科创创业ETF,易方达基金,中国工商银行,股票型,20210628,,20210705,20210621,,30.0486,0.5,0.1,,1,0.1,,中证科创创业50指数收益率,L,被动指数型,契约型开放式,,20210705,20210705,E,20240115,1518186.053,ETF,SZ
510900.SH,H股ETF,易方达基金,交通银行,股票型,20120809,,20121022,20120709,,16.1654,0.6,0.15,,1,0.1,,恒生中国企业指数(使用估值汇率折算),L,被动指数型,契约型开放式,,20121022,20121022,E,20240115,1335702.19,ETF,SH
515790.SH,光伏ETF,华泰柏瑞基金,中国银行,股票型,20201207,,20201218,20201201,,17.1849,0.5,0.1,,1,0.1,,中证光伏产业指数收益率,L,被动指数型,契约型开放式,,20201218,20201218,E,20240115,1312549.4,,SH
159919.SZ,沪深300ETF,嘉实基金,中国银行,股票型,20120507,,20120528,20120405,,193.3331,0.5,0.1,,1,0.1,,沪深300指数,L,被动指数型,契约型开放式,,20120528,20120528,E,20240115,1244991.668,ETF,SZ
159967.SZ,创业板成长ETF,华夏基金,中国农业银行,股票型,20190621,,20190715,20190506,,3.9134,0.5,0.1,,1,0.1,,创业板动量成长指数收益率,L,被动指数型,契约型开放式,,20190715,20190715,E,20240115,1187630.581,ETF,SZ
510330.SH,沪深300ETF华夏,华夏基金,中国工商银行,股票型,20121225,,20130116,20121217,,6.0281,0.5,0.1,,1,0.1,,沪深300指数,L,被动指数型,契约型开放式,,20130116,20130116,E,20240115,1162374.98,ETF,SH
513010.SH,恒生科技30ETF,易方达基金,招商银行,股票型,20210518,,20210525,20210512,,12.0131,0.2,0.05,,1,0.1,,恒生科技指数收益率(使用估值汇率折算),L,被动指数型,契约型开放式,,20210525,20210525,E,20240115,1130530.7,,SH
159928.SZ,消费ETF,汇添富基金,中国工商银行,股票型,20130823,,20130916,20130715,,7.9466,0.5,0.1,,1,0.1,,中证主要消费指数,L,被动指数型,契约型开放式,,20130916,20130916,E,20240115,1114462.904,ETF,SZ
513980.SH,港股科技50ETF,景顺长城基金,招商银行,股票型,20210621,,20210702,20210531,,6.472,0.5,0.1,,1,0.1,,中证港股通科技指数收益率(使用估值汇率折算),L,被动指数型,契约型开放式,,20210702,20210702,E,20240115,1070420.4,,SH
159992.SZ,创新药ETF,银华基金,上海银行,股票型,20200320,,20200410,20200302,,49.1638,0.5,0.05,,1,0.1,,中证创新药产业指数,L,被动指数型,契约型开放式,,20200410,20200410,E,20240115,1052518.122,ETF,SZ
512070.SH,证券保险ETF,易方达基金,中国建设银行,股票型,20140626,,20140718,20140609,,5.5616,0.5,0.1,,1,0.1,,沪深300非银行金融指数,L,被动指数型,契约型开放式,,20140718,20140718,E,20240115,1046747.97,,SH
516160.SH,新能源ETF,南方基金,中国农业银行,股票型,20210122,,20210204,20210114,,20.388,0.15,0.05,,1,0.1,,中证新能源指数收益率,L,被动指数型,契约型开放式,,20210204,20210204,E,20240115,1019430.4,,SH
510210.SH,上证指数ETF,富国基金,中国工商银行,股票型,20110130,,20110325,20110105,,3.2036,0.5,0.1,,1,0.1,,上证综合指数,L,被动指数型,契约型开放式,,20110325,20110325,E,20240115,1006419.26,ETF,SH
159783.SZ,科创创业50ETF,华夏基金,中国银行,股票型,20210624,,20210705,20210621,,30.0006,0.5,0.1,,1,0.1,,中证科创创业50指数收益率,L,被动指数型,契约型开放式,,20210705,20210705,E,20240115,995245.9442,ETF,SZ
512660.SH,军工ETF,国泰基金,中国建设银行,股票型,20160726,,20160808,20160620,,5.8908,0.5,0.1,,1,0.1,,中证军工指数收益率,L,被动指数型,契约型开放式,,20160808,20160808,E,20240115,988308,,SH
159605.SZ,中概互联ETF,广发基金,中国建设银行,股票型,20211124,,20211202,20211115,,22.5949,0.5,0.1,,1,0.1,,人民币计价的中证海外中国互联网30指数收益率,L,被动指数型,契约型开放式,,20211202,20211202,E,20240115,981748.6155,ETF,SZ
588050.SH,科创ETF,工银瑞信基金,中国农业银行,股票型,20200928,,20201116,20200922,,52.4263,0.3,0.05,,1,0.1,,上证科创板50成份指数收益率,L,被动指数型,契约型开放式,,20201116,20201116,E,20240115,980924.13,,SH
512710.SH,军工龙头ETF,富国基金,中国建设银行,股票型,20190723,,20190826,20190524,,72.0233,0.5,0.1,,1,0.1,,中证军工龙头指数收益率,L,被动指数型,契约型开放式,,20190826,20190826,E,20240115,890365.84,,SH
510810.SH,上海国企ETF,汇添富基金,中国工商银行,股票型,20160728,,20160829,20160711,,152.2009,0.45,0.1,,1,0.1,,中证上海国企指数,L,被动指数型,契约型开放式,,20160829,20160829,E,20240115,885009.37,ETF,SH
513120.SH,港股创新药ETF,广发基金,交通银行,股票型,20220701,,20220712,20220613,,3.0014,0.5,0.1,,1,0.1,,中证香港创新药指数收益率(人民币计价),L,被动指数型,契约型开放式,,20220712,20220712,E,20240115,848113.54,,SH
513100.SH,纳指ETF,国泰基金,中国建设银行,股票型,20130425,,20130515,20130415,,2.6762,0.6,0.2,,1,0.1,,纳斯达克100指数(Nasdaq-100 Index)收益率(经汇率调整后的总收益指数收益率),L,被动指数型,契约型开放式,,20130515,20130515,E,20240115,847611.06,,SH
515330.SH,300ETF天弘,天弘基金,招商证券,股票型,20191205,,20191226,20191104,,2.3671,0.5,0.1,,1,0.1,,沪深300指数收益率,L,被动指数型,契约型开放式,,20191226,20191226,E,20240115,843870.95,,SH
588030.SH,科创100指数ETF,博时基金,中国工商银行,股票型,20230906,,20230915,20230828,,26.6084,0.5,0.1,,1,0.1,,上证科创板100指数收益率,L,被动指数型,契约型开放式,,20230915,20230915,E,20240115,840883.81,,SH
515050.SH,5GETF,华夏基金,中国银行,股票型,20190917,,20191016,20190830,,41.5257,0.5,0.1,,1,0.1,,中证5G通信主题指数收益率,L,被动指数型,契约型开放式,,20191016,20191016,E,20240115,823106.85,,SH
515800.SH,800ETF,汇添富基金,平安银行,股票型,20191008,,20191216,20190715,,66.0144,0.15,0.05,,1,0.1,,中证800指数收益率,L,被动指数型,契约型开放式,,20191216,20191216,E,20240115,804818.72,,SH
510500.SH,中证500ETF,南方基金,中国农业银行,股票型,20130206,,20130315,20130110,,11.4755,0.5,0.1,,1,0.1,,中证500指数,L,被动指数型,契约型开放式,,20130315,20130315,E,20240115,801536.86,ETF,SH
588220.SH,科创100ETF基金,鹏华基金,广发证券,股票型,20230906,,20230915,20230828,,14.402,0.5,0.1,,1,0.1,,上证科创板100指数收益率,L,被动指数型,契约型开放式,,20230915,20230915,E,20240115,783819.79,,SH
588060.SH,科创50ETF龙头,广发基金,中国银行,股票型,20210715,,20210729,20210705,,4.2514,0.5,0.1,,1,0.1,,上证科创板50成份指数收益率,L,被动指数型,契约型开放式,,20210729,20210729,E,20240115,776114,,SH
159813.SZ,半导体ETF,鹏华基金,申万宏源,股票型,20200417,,20200525,20200325,,5.5974,0.5,0.1,,1,0.1,,国证半导体芯片指数收益率,L,被动指数型,契约型开放式,,20200525,20200525,E,20240115,768886.241,ETF,SZ
159938.SZ,医药卫生ETF,广发基金,中国银行,股票型,20141201,,20150108,20141103,,4.7328,0.5,0.1,,1,0.1,,中证全指医药卫生指数,L,被动指数型,契约型开放式,,20150108,20150108,E,20240115,766456.7236,ETF,SZ
512200.SH,房地产ETF,南方基金,中国工商银行,股票型,20170825,,20170925,20170526,,2.7038,0.5,0.1,,1,0.1,,中证全指房地产指数收益率,L,被动指数型,契约型开放式,,20170925,20170925,E,20240115,755637.6,,SH
560050.SH,MSCI中国A50ETF,汇添富基金,交通银行,股票型,20211029,,20211108,20211022,,79.9993,0.5,0.1,,1,0.1,,MSCI中国A50互联互通人民币指数收益率,L,被动指数型,契约型开放式,,20211108,20211108,E,20240115,752393.44,,SH
159780.SZ,双创ETF,南方基金,招商银行,股票型,20210624,,20210705,20210621,,30.0005,0.5,0.1,,1,0.1,,中证科创创业50指数收益率,L,被动指数型,契约型开放式,,20210705,20210705,E,20240115,742004.8583,ETF,SZ
159736.SZ,饮食ETF,天弘基金,中信证券,股票型,20210909,,20210927,20210830,,3.2689,0.5,0.1,,1,0.1,,中证食品饮料指数收益率,L,被动指数型,契约型开放式,,20210927,20210927,E,20240115,703639.4457,ETF,SZ
515030.SH,新能源车ETF,华夏基金,中国银行,股票型,20200220,,20200304,20200203,,107.6288,0.5,0.1,,1,0.1,,中证新能源汽车指数收益率,L,被动指数型,契约型开放式,,20200304,20200304,E,20240115,695838.4,,SH
512900.SH,证券ETF基金,南方基金,中国银行,股票型,20170310,,20170331,20170126,,11.9711,0.5,0.1,,1,0.1,,中证全指证券公司指数收益率,L,被动指数型,契约型开放式,,20170331,20170331,E,20240115,695190.6,,SH
159865.SZ,养殖ETF,国泰基金,浙商银行,股票型,20210301,,20210308,20210223,,5.1346,0.5,0.1,,1,0.1,,中证畜牧养殖指数收益率,L,被动指数型,契约型开放式,,20210308,20210308,E,20240115,678345.5659,ETF,SZ
515120.SH,创新药ETF,广发基金,中国银行,股票型,20201203,,20210104,20201116,,16.2199,0.5,0.1,,1,0.1,,中证创新药产业指数,L,被动指数型,契约型开放式,,20210104,20210104,E,20240115,673299.36,,SH
159859.SZ,生物医药ETF,天弘基金,中信建投证券,股票型,20210624,,20210707,20210601,,2.2904,0.5,0.1,,1,0.1,,国证生物医药指数收益率,L,被动指数型,契约型开放式,,20210707,20210707,E,20240115,661184.0054,ETF,SZ
563000.SH,中国A50ETF,易方达基金,中国工商银行,股票型,20211029,,20211108,20211022,,79.9995,0.5,0.1,,1,0.1,,MSCI中国A50互联互通人民币指数收益率,L,被动指数型,契约型开放式,,20211108,20211108,E,20240115,657095.11,,SH
159801.SZ,芯片ETF龙头,广发基金,中国工商银行,股票型,20200120,,20200218,20200106,,25.2406,0.5,0.1,,1,0.1,,国证半导体芯片指数收益率,L,被动指数型,契约型开放式,,20200218,20200218,E,20240115,620912.0172,ETF,SZ
159819.SZ,人工智能ETF,易方达基金,中国工商银行,股票型,20200727,,20200923,20200720,,61.5523,0.15,0.05,,1,0.1,,中证人工智能主题指数收益率,L,被动指数型,契约型开放式,,20200923,20200923,E,20240115,609522.9669,ETF,SZ
513550.SH,港股通50ETF,华泰柏瑞基金,招商银行,股票型,20201230,,20210113,20201222,,6.3899,0.5,0.1,,1,0.1,,中证港股通50指数收益率(使用估值汇率折算),L,被动指数型,契约型开放式,,20210113,20210113,E,20240115,601799.2,,SH
513500.SH,标普500ETF,博时基金,中国工商银行,股票型,20131205,,20140115,20131104,,5.6504,0.6,0.25,,1,0.1,,"标普500指数(S&P 500 Index(NTR,Net total Return))(经估值汇率调整,以人民币计价)",L,被动指数型,契约型开放式,,20140115,20140115,E,20240115,599263.86,,SH
510880.SH,红利ETF,华泰柏瑞基金,招商银行,股票型,20061117,,20070118,20061030,,22.2299,0.5,0.1,,1,0.1,,上证红利指数,L,被动指数型,契约型开放式,,20070118,20070118,E,20240115,597817.57,ETF,SH
159740.SZ,恒生科技ETF,大成基金,中国银行,股票型,20210518,,20210527,20210511,,3.9312,0.5,0.1,,1,0.1,,恒生科技指数收益率,L,被动指数型,契约型开放式,,20210527,20210527,E,20240115,596112.0448,ETF,SZ
588200.SH,科创芯片ETF,嘉实基金,中信证券,股票型,20220930,,20221026,20220923,,3.6689,0.5,0.1,,1,0.1,,上证科创板芯片指数收益率,L,被动指数型,契约型开放式,,20221026,20221026,E,20240115,593789.48,,SH
510180.SH,上证180ETF,华安基金,中国建设银行,股票型,20060413,,20060518,20060309,,10.7282,0.5,0.1,,1,0.1,,上证180指数,L,被动指数型,契约型开放式,,20060518,20060518,E,20240115,590955.77,ETF,SH
512800.SH,银行ETF,华宝基金,中国银行,股票型,20170718,,20170803,20170525,,5.3114,0.5,0.1,,1,0.1,,中证银行指数,L,被动指数型,契约型开放式,,20170803,20170803,E,20240115,578954,,SH
159755.SZ,电池ETF,广发基金,中国工商银行,股票型,20210615,,20210624,20210601,,11.5265,0.5,0.1,,1,0.1,,国证新能源车电池指数收益率,L,被动指数型,契约型开放式,,20210624,20210624,E,20240115,572964.6746,ETF,SZ
588090.SH,科创板ETF,华泰柏瑞基金,中国建设银行,股票型,20200928,,20201116,20200922,,54.9874,0.5,0.1,,1,0.1,,上证科创板50成份指数收益率,L,被动指数型,契约型开放式,,20201116,20201116,E,20240115,561527.28,,SH
159869.SZ,游戏ETF,华夏基金,中国民生银行,股票型,20210225,,20210305,20210219,,10.0008,0.5,0.1,,1,0.1,,中证动漫游戏指数收益率,L,被动指数型,契约型开放式,,20210305,20210305,E,20240115,558508.2127,ETF,SZ
159601.SZ,A50ETF,华夏基金,招商银行,股票型,20211101,,20211108,20211022,,67.6759,0.5,0.1,,1,0.1,,MSCI中国A50互联互通人民币指数收益率,L,被动指数型,契约型开放式,,20211108,20211108,E,20240115,553518.8073,ETF,SZ
512980.SH,传媒ETF,广发基金,中国工商银行,股票型,20171227,,20180119,20171127,,2.7472,0.5,0.1,,1,0.1,,中证传媒指数收益率,L,被动指数型,契约型开放式,,20180119,20180119,E,20240115,541642.44,,SH
159892.SZ,恒生医药ETF,华夏基金,中国农业银行,股票型,20210929,,20211019,20210819,,2.3927,0.5,0.15,,1,0.1,,恒生香港上市生物科技指数收益率(使用估值汇率折算),L,被动指数型,契约型开放式,,20211019,20211019,E,20240115,529526.6022,ETF,SZ
515290.SH,银行ETF天弘,天弘基金,招商证券,股票型,20201211,,20201228,20201207,,6.0809,0.5,0.1,,1,0.1,,中证银行指数收益率,L,被动指数型,契约型开放式,,20201228,20201228,E,20240115,509389.29,,SH
159828.SZ,医疗ETF,国泰基金,华夏银行,股票型,20201224,,20210112,20201207,,4.2144,0.5,0.1,,1,0.1,,中证医疗指数收益率,L,被动指数型,契约型开放式,,20210112,20210112,E,20240115,505443.9464,ETF,SZ
515170.SH,食品饮料ETF,华夏基金,中国银行,股票型,20201230,,20210113,20201214,,21.0926,0.5,0.1,,1,0.1,,中证细分食品饮料产业主题指数收益率,L,被动指数型,契约型开放式,,20210113,20210113,E,20240115,490825.79,,SH
159841.SZ,证券ETF,天弘基金,国泰君安,股票型,20210128,,20210209,20210118,,3.7184,0.5,0.1,,1,0.1,,中证全指证券公司指数收益率,L,被动指数型,契约型开放式,,20210209,20210209,E,20240115,490663.8465,ETF,SZ
515100.SH,红利低波100ETF,景顺长城基金,交通银行,股票型,20200522,,20200703,20200427,,12.7694,0.5,0.1,,1,0.1,,中证红利低波动100指数收益率,L,被动指数型,契约型开放式,,20200703,20200703,E,20240115,476394.15,,SH
159790.SZ,碳中和ETF,华夏基金,中国建设银行,股票型,20210730,,20210806,20210727,,29.1353,0.5,0.1,,1,0.1,,中证内地低碳经济主题指数收益率,L,被动指数型,契约型开放式,,20210806,20210806,E,20240115,476252.8485,ETF,SZ
510100.SH,上证50ETF易方达,易方达基金,招商银行,股票型,20190906,,20191009,20190610,,7.0423,0.15,0.05,,1,0.1,,上证50指数收益率,L,被动指数型,契约型开放式,,20191009,20191009,E,20240115,476221.99,ETF,SH
159632.SZ,纳斯达克ETF,华安基金,中国建设银行,股票型,20220721,,20220803,20220613,,2.6972,0.6,0.2,,1,0.1,,纳斯达克100指数收益率(经汇率调整),L,被动指数型,契约型开放式,,20220803,20220803,E,20240115,467072.064,ETF,SZ
588180.SH,科创50ETF基金,国联安基金,交通银行,股票型,20210624,,20210701,20210611,,31.1485,0.3,0.05,,1,0.1,,上证科创板50成份指数收益率,L,被动指数型,契约型开放式,,20210701,20210701,E,20240115,456035.37,,SH
512890.SH,红利低波ETF,华泰柏瑞基金,中国建设银行,股票型,20181219,,20190118,20181121,,6.8356,0.5,0.1,,1,0.1,,中证红利低波动指数收益率,L,被动指数型,契约型开放式,,20190118,20190118,E,20240115,448511.08,,SH
588380.SH,创50ETF,富国基金,中国建设银行,股票型,20210629,,20210706,20210621,,25.5177,0.5,0.1,,1,0.1,,中证科创创业50指数收益率,L,被动指数型,契约型开放式,,20210706,20210706,E,20240115,446677,,SH
512960.SH,央企结构调整ETF,博时基金,招商银行,股票型,20181019,,20190118,20180827,,252.2226,0.15,0.05,,1,0.1,,中证央企结构调整指数收益率,L,被动指数型,契约型开放式,,20190118,20190118,E,20240115,433125.73,,SH
159883.SZ,医疗器械ETF,永赢基金,招商银行,股票型,20210422,,20210430,20210406,,2.5104,0.5,0.1,,1,0.1,,中证全指医疗器械指数收益率,L,被动指数型,契约型开放式,,20210430,20210430,E,20240115,430503.7843,ETF,SZ
512950.SH,央企改革ETF,华夏基金,中国农业银行,股票型,20181019,,20190118,20180827,,158.8755,0.15,0.05,,1,0.1,,中证央企结构调整指数收益率,L,被动指数型,契约型开放式,,20190118,20190118,E,20240115,430055.1,,SH
159952.SZ,创业板ETF广发,广发基金,中国工商银行,股票型,20170425,,20170519,20170322,,4.0448,0.15,0.05,,1,0.1,,创业板指数收益率,L,被动指数型,契约型开放式,,20170519,20170519,E,20240115,421318.4929,ETF,SZ
512400.SH,有色金属ETF,南方基金,中国工商银行,股票型,20170803,,20170901,20170601,,4.4754,0.5,0.1,,1,0.1,,中证申万有色金属指数收益率,L,被动指数型,契约型开放式,,20170901,20170901,E,20240115,413353.9,,SH
516970.SH,基建50ETF,广发基金,交通银行,股票型,20210623,,20210705,20210615,,2.6904,0.5,0.1,,1,0.1,,中证基建工程指数收益率,L,被动指数型,契约型开放式,,20210705,20210705,E,20240115,411554.25,,SH
512290.SH,生物医药ETF,国泰基金,中国银行,股票型,20190418,,20190520,20190325,,4.6082,0.5,0.1,,1,0.1,,中证生物医药指数收益率,L,被动指数型,契约型开放式,,20190520,20190520,E,20240115,410882.07,,SH
159977.SZ,创业板ETF天弘,天弘基金,国泰君安,股票型,20190912,,20190927,20190826,,6.4086,0.5,0.1,,1,0.1,,创业板指数收益率,L,被动指数型,契约型开放式,,20190927,20190927,E,20240115,407493.641,ETF,SZ
159939.SZ,信息技术ETF,广发基金,中国银行,股票型,20150108,,20150205,20141215,,3.5483,0.5,0.1,,1,0.1,,中证全指信息技术指数,L,被动指数型,契约型开放式,,20150205,20150205,E,20240115,406965.6106,ETF,SZ
512670.SH,国防ETF,鹏华基金,中国建设银行,股票型,20190705,,20190801,20190610,,9.3183,0.3,0.1,,1,0.1,,中证国防指数收益率,L,被动指数型,契约型开放式,,20190801,20190801,E,20240115,403665.26,,SH
159623.SZ,成渝经济圈ETF,博时基金,招商银行,股票型,20220815,,20220909,20220510,,36.8927,0.4,0.05,,1,0.1,,中证成渝地区双城经济圈成份指数收益率,L,被动指数型,契约型开放式,,20220909,20220909,E,20240115,397427.1695,ETF,SZ
515900.SH,央企创新驱动ETF,博时基金,招商银行,股票型,20190920,,20191218,20190812,,167.3465,0.15,0.05,,1,0.1,,中证央企创新驱动指数收益率,L,被动指数型,契约型开放式,,20191218,20191218,E,20240115,390464.65,,SH
588400.SH,双创50ETF,嘉实基金,中国银河,股票型,20210625,,20210705,20210621,,15.816,0.5,0.1,,1,0.1,,中证科创创业50指数收益率,L,被动指数型,契约型开放式,,20210705,20210705,E,20240115,376560.06,,SH
159766.SZ,旅游ETF,富国基金,中国银行,股票型,20210715,,20210723,20210701,,2.9164,0.5,0.1,,1,0.1,,中证旅游主题指数收益率,L,被动指数型,契约型开放式,,20210723,20210723,E,20240115,370764.0963,ETF,SZ
515180.SH,红利ETF易方达,易方达基金,中国银行,股票型,20191126,,20191220,20191030,,9.9264,0.15,0.05,,1,0.1,,中证红利指数收益率,L,被动指数型,契约型开放式,,20191220,20191220,E,20240115,363563.7,,SH
511850.SH,财富宝ETF,招商基金,中国建设银行,货币市场型,20160630,,20160718,20160613,,10.1731,0.3,0.09,,100,0.1,,人民币活期存款基准利率(税后),L,货币型,契约型开放式,,20160718,20160718,E,20240115,359763,CEF,SH
510580.SH,中证500ETF易方达,易方达基金,中国工商银行,股票型,20150827,,20150914,20150803,,2.9526,0.15,0.05,,1,0.1,,中证500指数,L,被动指数型,契约型开放式,,20150914,20150914,E,20240115,356296.52,ETF,SH
512680.SH,军工ETF龙头,广发基金,中国工商银行,股票型,20160830,,20161014,20160725,,8.8893,0.5,0.1,,1,0.1,,中证军工指数收益率,L,被动指数型,契约型开放式,,20161014,20161014,E,20240115,353853.01,,SH
513580.SH,恒生科技ETF指数基金,华安基金,中国银行,股票型,20210520,,20210527,20210512,,4.5512,0.5,0.1,,1,0.1,,恒生科技指数收益率(经汇率调整后),L,被动指数型,契约型开放式,,20210527,20210527,E,20240115,342211.8,,SH
159870.SZ,化工ETF,鹏华基金,华泰证券,股票型,20210223,,20210303,20210218,,20.0011,0.5,0.1,,1,0.1,,中证细分化工产业主题指数收益率,L,被动指数型,契约型开放式,,20210303,20210303,E,20240115,338810.7019,ETF,SZ
510230.SH,金融ETF,国泰基金,中国银行,股票型,20110331,,20110523,20110301,,5.6604,0.5,0.1,,1,0.1,,上证180金融股指数,L,被动指数型,契约型开放式,,20110523,20110523,E,20240115,337780.8,ETF,SH
159825.SZ,农业ETF,富国基金,中国农业银行,股票型,20201210,,20201229,20201123,,15.1108,0.5,0.1,,1,0.1,,中证农业主题指数收益率,L,被动指数型,契约型开放式,,20201229,20201229,E,20240115,329607.7407,ETF,SZ
159857.SZ,光伏ETF,天弘基金,中信建投证券,股票型,20210204,,20210224,20210125,,4.1652,0.5,0.1,,1,0.1,,中证光伏产业指数收益率,L,被动指数型,契约型开放式,,20210224,20210224,E,20240115,323451.5725,ETF,SZ
588190.SH,科创100ETF,银华基金,中国工商银行,股票型,20230906,,20230915,20230828,,13.5762,0.5,0.1,,1,0.1,,上证科创板100指数收益率,L,被动指数型,契约型开放式,,20230915,20230915,E,20240115,317561.83,,SH
512100.SH,中证1000ETF,南方基金,招商银行,股票型,20160929,,20161104,20160824,,5.8789,0.5,0.1,,1,0.1,,中证1000指数,L,被动指数型,契约型开放式,,20161104,20161104,E,20240115,316321.76,,SH
516820.SH,医疗创新ETF,平安基金,交通银行,股票型,20210609,,20210701,20210524,,11.3442,0.5,0.1,,1,0.1,,中证医药及医疗器械创新指数收益率,L,被动指数型,契约型开放式,,20210701,20210701,E,20240115,315341.52,,SH
588120.SH,科创板100ETF,国泰基金,中信证券,股票型,20230906,,20230915,20230828,,14.9181,0.5,0.1,,1,0.1,,上证科创板100指数收益率,L,被动指数型,契约型开放式,,20230915,20230915,E,20240115,314781.1,,SH
588300.SH,双创ETF,招商基金,华泰证券,股票型,20210625,,20210705,20210621,,20.1121,0.5,0.1,,1,0.1,,中证科创创业50指数收益率,L,被动指数型,契约型开放式,,20210705,20210705,E,20240115,310621.05,,SH
159607.SZ,中概互联网ETF,嘉实基金,中国农业银行,股票型,20211124,,20211202,20211115,,4.9983,0.5,0.1,,1,0.1,,中证海外中国互联网30指数收益率(经估值汇率调整),L,被动指数型,契约型开放式,,20211202,20211202,E,20240115,305782.9139,ETF,SZ
159837.SZ,生物科技ETF,易方达基金,中国建设银行,股票型,20210114,,20210127,20201228,,28.1415,0.15,0.05,,1,0.1,,中证生物科技主题指数收益率,L,被动指数型,契约型开放式,,20210127,20210127,E,20240115,295315.2837,ETF,SZ
560170.SH,央企科技ETF,南方基金,中国工商银行,股票型,20230621,,20230706,20230612,,20,0.5,0.1,,1,0.1,,中证国新央企科技引领指数,L,被动指数型,契约型开放式,,20230706,20230706,E,20240115,295099.55,,SH
515700.SH,新能车ETF,平安基金,招商证券,股票型,20191231,,20200210,20191209,,2.8851,0.15,0.05,,1,0.1,,中证新能源汽车产业指数收益率,L,被动指数型,契约型开放式,,20200210,20200210,E,20240115,292251.02,,SH
518880.SH,黄金ETF,华安基金,中国建设银行,商品型,20130718,,20130729,20130624,,12.0849,0.5,0.1,,1,0.1,,国内黄金现货价格收益率,L,黄金现货合约,契约型开放式,,20130729,20130729,E,20240115,291814.08,,SH
159806.SZ,新能源车ETF,国泰基金,浦发银行,股票型,20200310,,20200320,20200302,,23.607,0.5,0.1,,1,0.1,,中证新能源汽车指数收益率,L,被动指数型,契约型开放式,,20200320,20200320,E,20240115,288908.9446,ETF,SZ
517300.SH,沪港深300ETF,国寿安保基金,招商银行,股票型,20210204,,20210224,20210125,,39.3643,0.5,0.1,,1,0.1,,中证沪港深300指数,L,被动指数型,契约型开放式,,20210224,20210224,E,20240115,287443.45,,SH
515080.SH,中证红利ETF,招商基金,浦发银行,股票型,20191128,,20191227,20191021,,3.4015,0.2,0.1,,1,0.1,,中证红利指数收益率,L,被动指数型,契约型开放式,,20191227,20191227,E,20240115,287014.89,,SH
159513.SZ,纳斯达克100指数ETF,大成基金,中国农业银行,股票型,20230712,,20230728,20230703,,3.9755,0.8,0.25,,1,0.1,,纳斯达克100指数收益率(经汇率调整),L,被动指数型,契约型开放式,,20230728,20230728,E,20240115,286054.91,ETF,SZ
515000.SH,科技ETF,华宝基金,中国工商银行,股票型,20190722,,20190816,20190704,,10.3729,0.5,0.1,,1,0.1,,中证科技龙头指数收益率,L,被动指数型,契约型开放式,,20190816,20190816,E,20240115,273228.97,,SH
159998.SZ,计算机ETF,天弘基金,中信证券,股票型,20200320,,20200413,20200302,,2.8786,0.5,0.1,,1,0.1,,中证计算机主题指数收益率,L,被动指数型,契约型开放式,,20200413,20200413,E,20240115,267825.5354,ETF,SZ
513380.SH,恒生科技ETF龙头,广发基金,中信银行,股票型,20220427,,20220512,20220418,,2.1889,0.5,0.1,,1,0.1,,人民币计价的恒生科技指数收益率,L,被动指数型,契约型开放式,,20220512,20220512,E,20240115,262489.25,,SH
159845.SZ,中证1000ETF,华夏基金,招商银行,股票型,20210318,,20210331,20210304,,2.2887,0.5,0.1,,1,0.1,,中证1000指数收益率,L,被动指数型,契约型开放式,,20210331,20210331,E,20240115,260742.5606,ETF,SZ
159636.SZ,港股通科技30ETF,工银瑞信基金,中信建投证券,股票型,20220630,,20220720,20220617,,9.9725,0.45,0.07,,1,0.1,,国证港股通科技指数收益率(经汇率调整后),L,被动指数型,契约型开放式,,20220720,20220720,E,20240115,259425.0603,ETF,SZ
159901.SZ,深证100ETF,易方达基金,中国银行,股票型,20060324,,20060424,20060221,,51.5774,0.5,0.1,,1,0.1,,深证100价格指数,L,被动指数型,契约型开放式,,20060424,20060424,E,20240115,258363.493,ETF,SZ
159840.SZ,锂电池ETF,工银瑞信基金,中信建投证券,股票型,20210805,,20210820,20210719,,3.8457,0.45,0.07,,1,0.1,,国证新能源车电池指数收益率,L,被动指数型,契约型开放式,,20210820,20210820,E,20240115,254757.4851,ETF,SZ
516640.SH,芯片龙头ETF,富国基金,兴业银行,股票型,20210819,,20210827,20210802,,6.1368,0.5,0.1,,1,0.1,,中证芯片产业指数收益率,L,被动指数型,契约型开放式,,20210827,20210827,E,20240115,254268.28,,SH
159682.SZ,创业50ETF,景顺长城基金,中国农业银行,股票型,20221223,,20230103,20221212,,71.2031,0.5,0.1,,1,0.1,,创业板50指数收益率,L,被动指数型,契约型开放式,,20230103,20230103,E,20240115,254230.767,ETF,SZ
159603.SZ,双创龙头ETF,天弘基金,国泰君安,股票型,20220526,,20220608,20220329,,3.2407,0.5,0.1,,1,0.1,,中证科创创业50指数收益率,L,被动指数型,契约型开放式,,20220608,20220608,E,20240115,251507.1922,ETF,SZ
159820.SZ,中证500ETF天弘,天弘基金,国泰君安,股票型,20200807,,20200824,20200720,,3.3391,0.5,0.1,,1,0.1,,中证500指数收益率,L,被动指数型,契约型开放式,,20200824,20200824,E,20240115,248390.847,ETF,SZ
513300.SH,纳斯达克ETF,华夏基金,中国工商银行,股票型,20201022,,20201105,20201014,,7.0717,0.6,0.2,,1,0.1,,估值汇率调整后的纳斯达克100指数收益,L,被动指数型,契约型开放式,,20201105,20201105,E,20240115,242917.1,,SH
159875.SZ,新能源ETF,嘉实基金,中国银行,股票型,20210809,,20210817,20210802,,4.6516,0.5,0.1,,1,0.1,,中证新能源指数收益率,L,被动指数型,契约型开放式,,20210817,20210817,E,20240115,242716.2899,ETF,SZ
560010.SH,中证1000ETF指数,广发基金,中国工商银行,股票型,20220728,,20220804,20220722,,79.9674,0.5,0.1,,1,0.1,,中证1000指数收益率,L,被动指数型,契约型开放式,,20220804,20220804,E,20240115,236362.17,,SH
159611.SZ,电力ETF,广发基金,中国建设银行,股票型,20211229,,20220107,20211220,,12.3276,0.5,0.1,,1,0.1,,中证全指电力公用事业指数收益率,L,被动指数型,契约型开放式,,20220107,20220107,E,20240115,234156.29,ETF,SZ
513660.SH,恒生ETF,华夏基金,中国农业银行,股票型,20141223,,20150126,20141209,,8.7833,0.5,0.1,,1,0.1,,(人民币/港币汇率*恒生指数)收益率,L,被动指数型,契约型开放式,,20150126,20150126,E,20240115,233800.01,,SH
159994.SZ,5GETF,银华基金,中国农业银行,股票型,20200122,,20200228,20191227,,10.97,0.5,0.1,,1,0.1,,中证5G通信主题指数,L,被动指数型,契约型开放式,,20200228,20200228,E,20240115,232300.1679,ETF,SZ
516090.SH,新能源ETF易方达,易方达基金,中国建设银行,股票型,20210311,,20210319,20210224,,2.6692,0.15,0.05,,1,0.1,,中证新能源指数收益率,L,被动指数型,契约型开放式,,20210319,20210319,E,20240115,231884.48,,SH
513770.SH,港股互联网ETF,华宝基金,中国工商银行,股票型,20220209,,20220218,20220117,,6.0657,0.5,0.1,,1,0.1,,中证港股通互联网指数收益率,L,被动指数型,契约型开放式,,20220218,20220218,E,20240115,228606.89,,SH
513090.SH,香港证券ETF,易方达基金,招商银行,股票型,20200313,,20200326,20200224,,10.1999,0.15,0.05,,1,0.1,,中证香港证券投资主题指数收益率(使用估值汇率折算),L,被动指数型,契约型开放式,,20200326,20200326,E,20240115,226948.8,,SH
560800.SH,数字经济ETF,鹏扬基金,招商银行,股票型,20211222,,20220107,20211206,,4.5795,0.5,0.1,,1,0.1,,中证数字经济主题指数收益率,L,被动指数型,契约型开放式,,20220107,20220107,E,20240115,226195.11,,SH
159509.SZ,纳指科技ETF,景顺长城基金,招商银行,股票型,20230719,,20230808,20230710,,4.5356,0.8,0.25,,1,0.1,,纳斯达克科技市值加权指数收益率(使用估值汇率调整),L,被动指数型,契约型开放式,,20230808,20230808,E,20240115,224856.4118,ETF,SZ
562990.SH,碳中和100ETF,易方达基金,中国工商银行,股票型,20220711,,20220719,20220704,,42.7376,0.5,0.1,,1,0.1,,中证上海环交所碳中和指数收益率,L,被动指数型,契约型开放式,,20220719,20220719,E,20240115,223975.6,,SH
159628.SZ,国证2000ETF,万家基金,中国工商银行,股票型,20220629,,20220718,20220614,,8.4528,0.5,0.1,,1,0.1,,国证2000指数收益率,L,被动指数型,契约型开放式,,20220718,20220718,E,20240115,223128.325,ETF,SZ
562800.SH,稀有金属ETF,嘉实基金,中国银河,股票型,20210915,,20210927,20210906,,6.0615,0.5,0.1,,1,0.1,,中证稀有金属主题指数收益率,L,被动指数型,契约型开放式,,20210927,20210927,E,20240115,218564.5,,SH
159742.SZ,恒生科技指数ETF,博时基金,中国民生银行,股票型,20210517,,20210525,20210512,,3.1193,0.5,0.15,,1,0.1,,恒生科技指数收益率(经汇率调整后),L,被动指数型,契约型开放式,,20210525,20210525,E,20240115,217292.8292,ETF,SZ
517160.SH,长江保护主题ETF,南方基金,中国农业银行,股票型,20211126,,20220105,20210922,,23.7078,0.15,0.05,,1,0.1,,中证长江保护主题指数收益率,L,被动指数型,契约型开放式,,20220105,20220105,E,20240115,213277.75,,SH
510150.SH,消费ETF,招商基金,中国工商银行,股票型,20101208,,20110225,20101104,,6.8553,0.5,0.1,,1,0.1,,上证消费80指数,L,被动指数型,契约型开放式,,20110225,20110225,E,20240115,212717.86,ETF,SH
517330.SH,长江保护ETF,易方达基金,中信证券,股票型,20211126,,20220105,20210922,,23.2217,0.15,0.05,,1,0.1,,中证长江保护主题指数收益率,L,被动指数型,契约型开放式,,20220105,20220105,E,20240115,211216.9,,SH
159997.SZ,电子ETF,天弘基金,海通证券,股票型,20200227,,20200320,20200210,,11.5431,0.5,0.1,,1,0.1,,中证电子指数收益率,L,被动指数型,契约型开放式,,20200320,20200320,E,20240115,203630.6634,ETF,SZ
561160.SH,锂电池ETF,富国基金,中国农业银行,股票型,20220630,,20220708,20220614,,14.4684,0.5,0.1,,1,0.1,,中证电池主题指数收益率,L,被动指数型,契约型开放式,,20220708,20220708,E,20240115,201833.5,,SH
516150.SH,稀土ETF基金,嘉实基金,中国建设银行,股票型,20210309,,20210317,20210303,,6.4358,0.5,0.1,,1,0.1,,中证稀土产业指数收益率,L,被动指数型,契约型开放式,,20210317,20210317,E,20240115,201507.7,,SH
159959.SZ,央企ETF,银华基金,中国工商银行,股票型,20181022,,20190118,20180827,,72.2889,0.15,0.05,,1,0.1,,中证央企结构调整指数收益率,L,被动指数型,契约型开放式,,20190118,20190118,E,20240115,200689.178,ETF,SZ
512720.SH,计算机ETF,国泰基金,中国农业银行,股票型,20190711,,20190816,20190603,,6.1845,0.5,0.1,,1,0.1,,中证计算机主题指数收益率,L,被动指数型,契约型开放式,,20190816,20190816,E,20240115,199245.34,,SH
512500.SH,中证500ETF华夏,华夏基金,中国建设银行,股票型,20150505,,20150529,20150408,,21.3447,0.5,0.1,,1,0.1,,中证500指数,L,被动指数型,契约型开放式,,20150529,20150529,E,20240115,198880.88,,SH
515880.SH,通信ETF,国泰基金,中国工商银行,股票型,20190816,,20190906,20190722,,4.7646,0.5,0.1,,1,0.1,,中证全指通信设备指数收益率,L,被动指数型,契约型开放式,,20190906,20190906,E,20240115,198046.23,,SH
516010.SH,游戏ETF,国泰基金,浦发银行,股票型,20210225,,20210305,20210219,,8.4769,0.5,0.1,,1,0.1,,中证动漫游戏指数收益率,L,被动指数型,契约型开放式,,20210305,20210305,E,20240115,194669.3,,SH
508056.SH,中金普洛斯REIT,中金基金,兴业银行,REITs,20210607,,20210621,20210531,,15,0.7,0.01,50,1,0.1,,,L,,契约型封闭式,,,,E,20240115,193826.8684,,SH
510360.SH,沪深300ETF基金,广发基金,中国工商银行,股票型,20150820,,20150909,20150710,,3.0838,0.5,0.1,,1,0.1,,沪深300指数收益率,L,被动指数型,契约型开放式,,20150909,20150909,E,20240115,191338.12,ETF,SH
515650.SH,消费50ETF,富国基金,中信证券,股票型,20191014,,20191111,20190812,,8.6718,0.5,0.1,,1,0.1,,中证消费50指数收益率,L,被动指数型,契约型开放式,,20191111,20191111,E,20240115,191118.4,,SH
588350.SH,双创50ETF基金,鹏扬基金,中国农业银行,股票型,20221026,,20221110,20221011,,4.9055,0.5,0.1,,1,0.1,,中证科创创业50指数收益率,L,被动指数型,契约型开放式,,20221110,20221110,E,20240115,190854.6,,SH
159940.SZ,金融地产ETF,广发基金,中国银行,股票型,20150323,,20150417,20150225,,5.7906,0.5,0.1,,1,0.1,,中证全指金融地产指数,L,被动指数型,契约型开放式,,20150417,20150417,E,20240115,189105.9983,ETF,SZ
515070.SH,人工智能AIETF,华夏基金,中国银行,股票型,20191209,,20191224,20191121,,9.9047,0.5,0.1,,1,0.1,,中证人工智能主题指数收益率,L,被动指数型,契约型开放式,,20191224,20191224,E,20240115,187247.02,,SH
159001.SZ,货币ETF,易方达基金,交通银行,货币市场型,20130329,,20141020,20130325,,10.7887,0.2,0.08,,100,0.1,,活期存款基准利率*(1-利息税税率),L,货币型,契约型开放式,,20130418,20130418,E,20240115,185648,ETF,SZ
159629.SZ,1000ETF,富国基金,中国银行,股票型,20220727,,20220803,20220722,,79.4957,0.5,0.1,,1,0.1,,中证1000指数收益率,L,被动指数型,契约型开放式,,20220803,20220803,E,20240115,185525.2663,ETF,SZ
560260.SH,医疗ETF龙头,广发基金,北京银行,股票型,20230906,,20230915,20230828,,2.1766,0.5,0.05,,1,0.1,,中证医疗指数收益率,L,被动指数型,契约型开放式,,20230915,20230915,E,20240115,184966.47,,SH
159637.SZ,新能源车龙头ETF,西藏东财基金,广发证券,股票型,20220819,,20220901,20220801,,6.9677,0.5,0.05,,1,0.1,,中证新能源汽车指数收益率,L,被动指数型,契约型开放式,,20220901,20220901,E,20240115,184676.8094,ETF,SZ
159602.SZ,中国A50ETF,南方基金,招商银行,股票型,20211029,,20211108,20211022,,38.9654,0.5,0.1,,1,0.1,,MSCI中国A50互联互通指数(人民币)收益率,L,被动指数型,契约型开放式,,20211108,20211108,E,20240115,184054.2944,ETF,SZ
159996.SZ,家电ETF,国泰基金,浦发银行,股票型,20200227,,20200316,20200210,,9.3255,0.5,0.1,,1,0.1,,中证全指家用电器指数收益率,L,被动指数型,契约型开放式,,20200316,20200316,E,20240115,183655.4846,ETF,SZ
588330.SH,双创龙头ETF,华宝基金,中国工商银行,股票型,20210629,,20210706,20210621,,15.5774,0.5,0.1,,1,0.1,,中证科创创业50指数收益率,L,被动指数型,契约型开放式,,20210706,20210706,E,20240115,178773.78,,SH
159814.SZ,创业大盘ETF,西部利得基金,中国农业银行,股票型,20200619,,20200717,20200525,,4.084,0.5,0.1,,1,0.1,,创业板大盘指数收益率,L,被动指数型,契约型开放式,,20200717,20200717,E,20240115,177824.652,ETF,SZ
510510.SH,中证500ETF基金,广发基金,中国工商银行,股票型,20130411,,20130524,20130318,,4.2504,0.5,0.1,,1,0.1,,中证500指数,L,被动指数型,契约型开放式,,20130524,20130524,E,20240115,174503.83,ETF,SH
560080.SH,中药ETF,汇添富基金,中国建设银行,股票型,20220926,,20221017,20220719,,4.3027,0.5,0.1,,1,0.1,,中证中药指数收益率,L,被动指数型,契约型开放式,,20221017,20221017,E,20240115,173926.5,,SH
515400.SH,大数据ETF,富国基金,中信证券,股票型,20210107,,20210120,20201201,,5.3063,0.5,0.1,,1,0.1,,中证大数据产业指数收益率,L,被动指数型,契约型开放式,,20210120,20210120,E,20240115,173563.14,,SH
561300.SH,300增强ETF,国泰基金,中国建设银行,股票型,20211201,,20211210,20211122,,18.9346,1,0.1,,1,0.1,,沪深300指数收益率,L,增强指数型,契约型开放式,,20211210,20211210,E,20240115,166696.5,,SH
513700.SH,香港医药ETF,鹏华基金,广发证券,股票型,20210713,,20210806,20210623,,4.5885,0.5,0.1,,1,0.1,,中证港股通医药卫生综合指数收益率,L,被动指数型,契约型开放式,,20210806,20210806,E,20240115,166384.6,,SH
512580.SH,环保ETF,广发基金,中国银行,股票型,20170125,,20170228,20161219,,6.7887,0.5,0.1,,1,0.1,,中证环保产业指数收益率,L,被动指数型,契约型开放式,,20170228,20170228,E,20240115,166227.17,,SH
159905.SZ,深红利ETF,工银瑞信基金,中国农业银行,股票型,20101105,,20110111,20101018,,6.0744,0.5,0.1,,1,0.1,,深证红利价格指数,L,被动指数型,契约型开放式,,20110111,20110111,E,20240115,164694.3951,ETF,SZ
159796.SZ,电池50ETF,汇添富基金,中国银行,股票型,20220303,,20220314,20220118,,3.7947,0.15,0.05,,1,0.1,,中证电池主题指数收益率,L,被动指数型,契约型开放式,,20220314,20220314,E,20240115,163946.755,ETF,SZ
159925.SZ,沪深300ETF南方,南方基金,中国工商银行,股票型,20130218,,20130411,20130225,,39.592,0.5,0.1,,1,0.1,,沪深300指数,L,被动指数型,契约型开放式,,20130411,20130411,E,20240115,160519.9451,ETF,SZ
513200.SH,港股通医药ETF,易方达基金,中国光大银行,股票型,20220119,,20220211,20211021,,2.3428,0.15,0.05,,1,0.1,,中证港股通医药卫生综合指数收益率(使用估值汇率折算),L,被动指数型,契约型开放式,,20220211,20220211,E,20240115,159728.21,,SH
159937.SZ,黄金ETF基金,博时基金,中国银行,商品型,20140813,,20140901,20140804,,2.9217,0.5,0.1,,1,0.1,,黄金现货实盘合约AU99.99收益率,L,黄金现货合约,契约型开放式,,20140901,20140901,E,20240115,155532.1977,ETF,SZ
159867.SZ,畜牧ETF,鹏华基金,华泰证券,股票型,20210225,,20210305,20210218,,3.7264,0.5,0.1,,1,0.1,,中证畜牧养殖指数收益率,L,被动指数型,契约型开放式,,20210305,20210305,E,20240115,153614.3594,ETF,SZ
561190.SH,双碳ETF,富国基金,中国建设银行,股票型,20220711,,20220719,20220704,,29.3932,0.5,0.1,,1,0.1,,中证上海环交所碳中和指数收益率,L,被动指数型,契约型开放式,,20220719,20220719,E,20240115,152631.8,,SH
515680.SH,央企创新ETF基金,嘉实基金,中国银行,股票型,20190920,,20191218,20190812,,132.5026,0.15,0.05,,1,0.1,,中证央企创新驱动指数收益率,L,被动指数型,契约型开放式,,20191218,20191218,E,20240115,151226.47,,SH
513860.SH,港股通科技ETF,海富通基金,中国银行,股票型,20210617,,20210702,20210607,,7.0747,0.5,0.1,,1,0.1,,中证港股通科技指数收益率,L,被动指数型,契约型开放式,,20210702,20210702,E,20240115,150947.06,,SH
159782.SZ,双创50ETF基金,银华基金,招商银行,股票型,20210629,,20210707,20210621,,12.3619,0.5,0.1,,1,0.1,,中证科创创业50指数收益率,L,被动指数型,契约型开放式,,20210707,20210707,E,20240115,149419.0267,ETF,SZ
159639.SZ,碳中和ETF南方,南方基金,中国建设银行,股票型,20220711,,20220719,20220704,,32.6529,0.5,0.1,,1,0.1,,中证上海环交所碳中和指数收益率,L,被动指数型,契约型开放式,,20220719,20220719,E,20240115,146329.0171,ETF,SZ
515600.SH,央企创新ETF,广发基金,中国工商银行,股票型,20190920,,20191218,20190812,,86.758,0.15,0.05,,1,0.1,,中证央企创新驱动指数收益率,L,被动指数型,契约型开放式,,20191218,20191218,E,20240115,144779.74,,SH
159638.SZ,高端装备ETF,嘉实基金,兴业银行,股票型,20220805,,20220812,20220718,,33.0934,0.5,0.1,,1,0.1,,中证高端装备细分50指数收益率,L,被动指数型,契约型开放式,,20220812,20220812,E,20240115,144634.1932,ETF,SZ
159847.SZ,医疗50ETF,易方达基金,招商银行,股票型,20210708,,20210719,20210621,,2.1883,0.15,0.05,,1,0.1,,中证医疗指数收益率,L,被动指数型,契约型开放式,,20210719,20210719,E,20240115,143782.5354,ETF,SZ
159852.SZ,软件ETF,嘉实基金,中国银行,股票型,20210129,,20210209,20210125,,5.6862,0.5,0.1,,1,0.1,,中证软件服务指数收益率,L,被动指数型,契约型开放式,,20210209,20210209,E,20240115,143762.3921,ETF,SZ
180101.SZ,博时蛇口产园REIT,博时基金,招商银行,REITs,20210607,,20210621,20210531,,9,0.15,0.015,50,1,0.1,,,L,,契约型封闭式,,,,E,20240115,142113.0866,,SZ
515980.SH,人工智能ETF,华富基金,招商银行,股票型,20191224,,20200210,20191209,,2.9506,0.5,0.1,,1,0.1,,中证人工智能产业指数收益率,L,被动指数型,契约型开放式,,20200210,20200210,E,20240115,140606.45,,SH
159993.SZ,证券ETF龙头,鹏华基金,中信证券,股票型,20191226,,20200207,20191209,,9.747,0.5,0.1,,1,0.1,,国证证券龙头指数收益率,L,被动指数型,契约型开放式,,20200207,20200207,E,20240115,138519.7982,ETF,SZ
159929.SZ,医药ETF,汇添富基金,中国工商银行,股票型,20130823,,20130916,20130715,,11.972,0.5,0.1,,1,0.1,,中证医药卫生指数,L,被动指数型,契约型开放式,,20130916,20130916,E,20240115,138420.4203,ETF,SZ
515230.SH,软件ETF,国泰基金,平安银行,股票型,20210203,,20210302,20210125,,4.4969,0.5,0.1,,1,0.1,,中证全指软件指数收益率,L,被动指数型,契约型开放式,,20210302,20210302,E,20240115,136869.09,,SH
159948.SZ,创业板ETF南方,南方基金,中国银行,股票型,20160513,,20160531,20160418,,7.442,0.15,0.05,,1,0.1,,创业板指数收益率,L,被动指数型,契约型开放式,,20160531,20160531,E,20240115,135769.772,ETF,SZ
159741.SZ,恒生科技ETF基金,嘉实基金,招商银行,股票型,20210526,,20210603,20210514,,4.218,0.6,0.1,,1,0.1,,恒生科技指数收益率(使用估值汇率折算),L,被动指数型,契约型开放式,,20210603,20210603,E,20240115,135079.6712,ETF,SZ
510380.SH,国寿300ETF,国寿安保基金,中国农业银行,股票型,20180119,,20180207,20171013,,2.948,0.5,0.1,,1,0.1,,沪深300指数,L,被动指数型,契约型开放式,,20180207,20180207,E,20240115,134180.24,ETF,SH
159807.SZ,科技ETF,易方达基金,中国银行,股票型,20200316,,20200330,20200309,,15.0003,0.15,0.05,,1,0.1,,中证科技50指数收益率,L,被动指数型,契约型开放式,,20200330,20200330,E,20240115,134105.1428,ETF,SZ
159839.SZ,生物药ETF,汇添富基金,招商银行,股票型,20210201,,20210222,20210118,,4.7274,0.5,0.1,,1,0.1,,国证生物医药指数收益率,L,被动指数型,契约型开放式,,20210222,20210222,E,20240115,132073.5165,ETF,SZ
562310.SH,沪深300成长ETF,银华基金,中国建设银行,股票型,20220901,,20220909,20220824,,59.9857,0.5,0.1,,1,0.1,,沪深300成长指数收益率,L,被动指数型,契约型开放式,,20220909,20220909,E,20240115,131457.23,,SH
515710.SH,食品ETF,华宝基金,中国工商银行,股票型,20201224,,20210107,20201214,,8.651,0.5,0.1,,1,0.1,,中证细分食品饮料产业主题指数收益率,L,被动指数型,契约型开放式,,20210107,20210107,E,20240115,131359.98,,SH
516510.SH,云计算ETF,易方达基金,招商银行,股票型,20210329,,20210407,20210319,,3.8489,0.15,0.05,,1,0.1,,中证云计算与大数据主题指数收益率,L,被动指数型,契约型开放式,,20210407,20210407,E,20240115,127889,,SH
560090.SH,证券指数ETF,汇添富基金,中信建投证券,股票型,20230227,,20230315,20230213,,8.7487,0.5,0.1,,1,0.1,,中证全指证券公司指数收益率,L,被动指数型,契约型开放式,,20230315,20230315,E,20240115,125036.5,,SH
159745.SZ,建材ETF,国泰基金,中国银河,股票型,20210609,,20210618,20210531,,3.3969,0.5,0.1,,1,0.1,,中证全指建筑材料指数收益率,L,被动指数型,契约型开放式,,20210618,20210618,E,20240115,123068.8265,ETF,SZ
516110.SH,汽车ETF,国泰基金,中信银行,股票型,20210407,,20210507,20210322,,2.0962,0.5,0.1,,1,0.1,,中证800汽车与零部件指数收益率,L,被动指数型,契约型开放式,,20210507,20210507,E,20240115,122062.31,,SH
159966.SZ,创业板价值ETF,华夏基金,中国农业银行,股票型,20190614,,20190715,20190506,,3.5455,0.5,0.1,,1,0.1,,创业板低波价值指数收益率,L,被动指数型,契约型开放式,,20190715,20190715,E,20240115,121289.9521,ETF,SZ
159673.SZ,鹏华沪深300ETF,鹏华基金,中国工商银行,股票型,20230621,,20230717,20230414,,2.9753,0.5,0.1,,1,0.1,,沪深300指数收益率,L,被动指数型,契约型开放式,,20230717,20230717,E,20240115,121152.8385,ETF,SZ
512560.SH,军工ETF易方达,易方达基金,招商银行,股票型,20170714,,20170728,20170609,,3.1556,0.5,0.1,,1,0.1,,中证军工指数,L,被动指数型,契约型开放式,,20170728,20170728,E,20240115,120312.7,,SH
516880.SH,光伏50ETF,银华基金,招商银行,股票型,20210105,,20210118,20201229,,19.9994,0.5,0.1,,1,0.1,,中证光伏产业指数收益率,L,被动指数型,契约型开放式,,20210118,20210118,E,20240115,119994.41,,SH
159633.SZ,中证1000指数ETF,易方达基金,国泰君安,股票型,20220728,,20220804,20220722,,79.2439,0.15,0.05,,1,0.1,,中证1000指数收益率,L,被动指数型,契约型开放式,,20220804,20220804,E,20240115,117116.2658,ETF,SZ
562500.SH,机器人ETF,华夏基金,兴业银行,股票型,20211217,,20211229,20211111,,3.3719,0.5,0.1,,1,0.1,,中证机器人指数收益率,L,被动指数型,契约型开放式,,20211229,20211229,E,20240115,112768.73,,SH
159681.SZ,创50ETF,鹏华基金,交通银行,股票型,20221221,,20230103,20221212,,41.0977,0.5,0.1,,1,0.1,,创业板50指数收益率,L,被动指数型,契约型开放式,,20230103,20230103,E,20240115,110177.2337,ETF,SZ
588290.SH,科创芯片ETF基金,华安基金,华泰证券,股票型,20220930,,20221026,20220923,,3.614,0.5,0.1,,1,0.1,,上证科创板芯片指数收益率,L,被动指数型,契约型开放式,,20221026,20221026,E,20240115,109889.7,,SH
513690.SH,恒生高股息ETF,博时基金,中金公司,股票型,20210511,,20210520,20210329,,3.2548,0.5,0.1,,1,0.1,,恒生港股通高股息率指数收益率(经估值汇率调整后),L,被动指数型,契约型开放式,,20210520,20210520,E,20240115,109497.99,,SH
159934.SZ,黄金ETF,易方达基金,中国工商银行,商品型,20131129,,20131216,20131028,,5.0042,0.5,0.1,,1,0.1,,上海黄金交易所Au99.99现货实盘合约收盘价,L,黄金现货合约,契约型开放式,,20131216,20131216,E,20240115,109276.2646,ETF,SZ
515380.SH,沪深300ETF泰康,泰康基金,招商银行,股票型,20191227,,20200323,20191115,,71.606,0.4,0.05,,1,0.1,,沪深300指数收益率,L,被动指数型,契约型开放式,,20200323,20200323,E,20240115,109269.98,,SH
515250.SH,智能汽车ETF,富国基金,中信建投证券,股票型,20201224,,20210108,20201201,,3.6994,0.5,0.1,,1,0.1,,中证智能汽车主题指数收益率,L,被动指数型,契约型开放式,,20210108,20210108,E,20240115,109194.45,,SH
159671.SZ,稀有金属ETF基金,工银瑞信基金,华泰证券,股票型,20230217,,20230310,20230206,,18.3505,0.45,0.07,,1,0.1,,中证稀有金属主题指数收益率,L,被动指数型,契约型开放式,,20230310,20230310,E,20240115,107655.1737,ETF,SZ
510760.SH,上证综指ETF,国泰基金,上海银行,股票型,20200821,,20200909,20200810,,13.135,0.5,0.1,,1,0.1,,上证综合指数收益率,L,被动指数型,契约型开放式,,20200909,20200909,E,20240115,107350.37,ETF,SH
159908.SZ,创业板ETF博时,博时基金,交通银行,股票型,20110610,,20110713,20110503,,4.0323,0.5,0.1,,1,0.1,,创业板指数收益率,L,被动指数型,契约型开放式,,20110713,20110713,E,20240115,106422.9029,ETF,SZ
562510.SH,旅游ETF,华夏基金,中国银行,股票型,20211221,,20211230,20211116,,2.211,0.5,0.1,,1,0.1,,中证旅游主题指数收益率,L,被动指数型,契约型开放式,,20211230,20211230,E,20240115,105709.5,,SH
588360.SH,科创创业ETF,国泰基金,中国邮政储蓄银行,股票型,20210629,,20210706,20210621,,7.3148,0.5,0.1,,1,0.1,,中证科创创业50指数收益率,L,被动指数型,契约型开放式,,20210706,20210706,E,20240115,105348.18,,SH
511690.SH,交易货币ETF,大成基金,中国银行,货币市场型,20160929,,20161020,20160908,,25.5155,0.25,0.08,,100,0.1,,中国人民银行公布的人民币活期存款基准利率(税后),L,货币型,契约型开放式,,20161020,20161020,E,20240115,102474,CEF,SH
512700.SH,银行ETF基金,南方基金,中国工商银行,股票型,20170628,,20170726,20170524,,3.4378,0.5,0.1,,1,0.1,,中证银行指数收益率,L,被动指数型,契约型开放式,,20170726,20170726,E,20240115,101408.1,,SH
159850.SZ,恒生国企ETF,华夏基金,招商银行,股票型,20210201,,20210219,20210125,,11.1471,0.5,0.15,,1,0.1,,恒生中国企业指数收益率(使用估值汇率折算),L,被动指数型,契约型开放式,,20210219,20210219,E,20240115,101270.6498,ETF,SZ
515210.SH,钢铁ETF,国泰基金,招商银行,股票型,20200122,,20200302,20200102,,4.3523,0.5,0.1,,1,0.1,,中证钢铁指数收益率,L,被动指数型,契约型开放式,,20200302,20200302,E,20240115,101222.61,,SH
159516.SZ,半导体设备ETF,国泰基金,广发证券,股票型,20230719,,20230727,20230710,,13.4459,0.5,0.1,,1,0.1,,中证半导体材料设备主题指数收益率,L,被动指数型,契约型开放式,,20230727,20230727,E,20240115,100458.9993,ETF,SZ
516670.SH,畜牧养殖ETF,招商基金,中信建投证券,股票型,20210318,,20210326,20210303,,2.9527,0.2,0.1,,1,0.1,,中证畜牧养殖指数收益率,L,被动指数型,契约型开放式,,20210326,20210326,E,20240115,100226.63,,SH
560700.SH,央企红利50ETF,广发基金,中国工商银行,股票型,20230524,,20230606,20230515,,20.0004,0.5,0.05,,1,0.1,,中证国新央企股东回报指数收益率,L,被动指数型,契约型开放式,,20230606,20230606,E,20240115,100203.69,,SH
