,trade_date
0,20240112
1,20240111
2,20240110
3,20240109
4,20240108
5,20240105
6,20240104
7,20240103
8,20240102
9,20231229
10,20231228
11,20231227
12,20231226
13,20231225
14,20231222
15,20231221
16,20231220
17,20231219
18,20231218
19,20231215
20,20231214
21,20231213
22,20231212
23,20231211
24,20231208
25,20231207
26,20231206
27,20231205
28,20231204
29,20231201
30,20231130
31,20231129
32,20231128
33,20231127
34,20231124
35,20231123
36,20231122
37,20231121
38,20231120
39,20231117
40,20231116
41,20231115
42,20231114
43,20231113
44,20231110
45,20231109
46,20231108
47,20231107
48,20231106
49,20231103
50,20231102
51,20231101
52,20231031
53,20231030
54,20231027
55,20231026
56,20231025
57,20231024
58,20231023
59,20231020
60,20231019
61,20231018
62,20231017
63,20231016
64,20231013
65,20231012
66,20231011
67,20231010
68,20231009
69,20230928
70,20230927
71,20230926
72,20230925
73,20230922
74,20230921
75,20230920
76,20230919
77,20230918
78,20230915
79,20230914
80,20230913
81,20230912
82,20230911
83,20230908
84,20230907
85,20230906
86,20230905
87,20230904
88,20230901
89,20230831
90,20230830
91,20230829
92,20230828
93,20230825
94,20230824
95,20230823
96,20230822
97,20230821
98,20230818
99,20230817
100,20230816
101,20230815
102,20230814
103,20230811
104,20230810
105,20230809
106,20230808
107,20230807
108,20230804
109,20230803
110,20230802
111,20230801
112,20230731
113,20230728
114,20230727
115,20230726
116,20230725
117,20230724
118,20230721
119,20230720
120,20230719
121,20230718
122,20230717
123,20230714
124,20230713
125,20230712
126,20230711
127,20230710
128,20230707
129,20230706
130,20230705
131,20230704
132,20230703
133,20230630
134,20230629
135,20230628
136,20230627
137,20230626
138,20230621
139,20230620
140,20230619
141,20230616
142,20230615
143,20230614
144,20230613
145,20230612
146,20230609
147,20230608
148,20230607
149,20230606
150,20230605
151,20230602
152,20230601
153,20230531
154,20230530
155,20230529
156,20230526
157,20230525
158,20230524
159,20230523
160,20230522
161,20230519
162,20230518
163,20230517
164,20230516
165,20230515
166,20230512
167,20230511
168,20230510
169,20230509
170,20230508
171,20230505
172,20230504
173,20230428
174,20230427
175,20230426
176,20230425
177,20230424
178,20230421
179,20230420
180,20230419
181,20230418
182,20230417
183,20230414
184,20230413
185,20230412
186,20230411
187,20230410
188,20230407
189,20230406
190,20230404
191,20230403
192,20230331
193,20230330
194,20230329
195,20230328
196,20230327
197,20230324
198,20230323
199,20230322
200,20230321
201,20230320
202,20230317
203,20230316
204,20230315
205,20230314
206,20230313
207,20230310
208,20230309
209,20230308
210,20230307
211,20230306
212,20230303
213,20230302
214,20230301
215,20230228
216,20230227
217,20230224
218,20230223
219,20230222
220,20230221
221,20230220
222,20230217
223,20230216
224,20230215
225,20230214
226,20230213
227,20230210
228,20230209
229,20230208
230,20230207
231,20230206
232,20230203
233,20230202
234,20230201
235,20230131
236,20230130
237,20230120
238,20230119
239,20230118
240,20230117
241,20230116
242,20230113
243,20230112
244,20230111
245,20230110
246,20230109
247,20230106
248,20230105
249,20230104
250,20230103
251,20221230
252,20221229
253,20221228
254,20221227
255,20221226
256,20221223
257,20221222
258,20221221
259,20221220
260,20221219
261,20221216
262,20221215
263,20221214
264,20221213
265,20221212
266,20221209
267,20221208
268,20221207
269,20221206
270,20221205
271,20221202
272,20221201
273,20221130
274,20221129
275,20221128
276,20221125
277,20221124
278,20221123
279,20221122
280,20221121
281,20221118
282,20221117
283,20221116
284,20221115
285,20221114
286,20221111
287,20221110
288,20221109
289,20221108
290,20221107
291,20221104
292,20221103
293,20221102
294,20221101
295,20221031
296,20221028
297,20221027
298,20221026
299,20221025
300,20221024
301,20221021
302,20221020
303,20221019
304,20221018
305,20221017
306,20221014
307,20221013
308,20221012
309,20221011
310,20221010
311,20220930
312,20220929
313,20220928
314,20220927
315,20220926
316,20220923
317,20220922
318,20220921
319,20220920
320,20220919
321,20220916
322,20220915
323,20220914
324,20220913
325,20220909
326,20220908
327,20220907
328,20220906
329,20220905
330,20220902
331,20220901
332,20220831
333,20220830
334,20220829
335,20220826
336,20220825
337,20220824
338,20220823
339,20220822
340,20220819
341,20220818
342,20220817
343,20220816
344,20220815
345,20220812
346,20220811
347,20220810
348,20220809
349,20220808
350,20220805
351,20220804
352,20220803
353,20220802
354,20220801
355,20220729
356,20220728
357,20220727
358,20220726
359,20220725
360,20220722
361,20220721
362,20220720
363,20220719
364,20220718
365,20220715
366,20220714
367,20220713
368,20220712
369,20220711
370,20220708
371,20220707
372,20220706
373,20220705
374,20220704
375,20220701
376,20220630
377,20220629
378,20220628
379,20220627
380,20220624
381,20220623
382,20220622
383,20220621
384,20220620
385,20220617
386,20220616
387,20220615
388,20220614
389,20220613
390,20220610
391,20220609
392,20220608
393,20220607
394,20220606
395,20220602
396,20220601
397,20220531
398,20220530
399,20220527
400,20220526
401,20220525
402,20220524
403,20220523
404,20220520
405,20220519
406,20220518
407,20220517
408,20220516
409,20220513
410,20220512
411,20220511
412,20220510
413,20220509
414,20220506
415,20220505
416,20220429
417,20220428
418,20220427
419,20220426
420,20220425
421,20220422
422,20220421
423,20220420
424,20220419
425,20220418
426,20220415
427,20220414
428,20220413
429,20220412
430,20220411
431,20220408
432,20220407
433,20220406
434,20220401
435,20220331
436,20220330
437,20220329
438,20220328
439,20220325
440,20220324
441,20220323
442,20220322
443,20220321
444,20220318
445,20220317
446,20220316
447,20220315
448,20220314
449,20220311
450,20220310
451,20220309
452,20220308
453,20220307
454,20220304
455,20220303
456,20220302
457,20220301
458,20220228
459,20220225
460,20220224
461,20220223
462,20220222
463,20220221
464,20220218
465,20220217
466,20220216
467,20220215
468,20220214
469,20220211
470,20220210
471,20220209
472,20220208
473,20220207
474,20220128
475,20220127
476,20220126
477,20220125
478,20220124
479,20220121
480,20220120
481,20220119
482,20220118
483,20220117
484,20220114
485,20220113
486,20220112
487,20220111
488,20220110
489,20220107
490,20220106
491,20220105
492,20220104
493,20211231
494,20211230
495,20211229
496,20211228
497,20211227
498,20211224
499,20211223
500,20211222
501,20211221
502,20211220
503,20211217
504,20211216
505,20211215
506,20211214
507,20211213
508,20211210
509,20211209
510,20211208
511,20211207
512,20211206
513,20211203
514,20211202
515,20211201
516,20211130
517,20211129
518,20211126
519,20211125
520,20211124
521,20211123
522,20211122
523,20211119
524,20211118
525,20211117
526,20211116
527,20211115
528,20211112
529,20211111
530,20211110
531,20211109
532,20211108
533,20211105
534,20211104
535,20211103
536,20211102
537,20211101
538,20211029
539,20211028
540,20211027
541,20211026
542,20211025
543,20211022
544,20211021
545,20211020
546,20211019
547,20211018
548,20211015
549,20211014
550,20211013
551,20211012
552,20211011
553,20211008
554,20210930
555,20210929
556,20210928
557,20210927
558,20210924
559,20210923
560,20210922
561,20210917
562,20210916
563,20210915
564,20210914
565,20210913
566,20210910
567,20210909
568,20210908
569,20210907
570,20210906
571,20210903
572,20210902
573,20210901
574,20210831
575,20210830
576,20210827
577,20210826
578,20210825
579,20210824
580,20210823
581,20210820
582,20210819
583,20210818
584,20210817
585,20210816
586,20210813
587,20210812
588,20210811
589,20210810
590,20210809
591,20210806
592,20210805
593,20210804
594,20210803
595,20210802
596,20210730
597,20210729
598,20210728
599,20210727
600,20210726
601,20210723
602,20210722
603,20210721
604,20210720
605,20210719
606,20210716
607,20210715
608,20210714
609,20210713
610,20210712
611,20210709
612,20210708
613,20210707
614,20210706
615,20210705
616,20210702
617,20210701
618,20210630
619,20210629
620,20210628
621,20210625
622,20210624
623,20210623
624,20210622
625,20210621
626,20210618
627,20210617
628,20210616
629,20210615
630,20210611
631,20210610
632,20210609
633,20210608
634,20210607
635,20210604
636,20210603
637,20210602
638,20210601
639,20210531
640,20210528
641,20210527
642,20210526
643,20210525
644,20210524
645,20210521
646,20210520
647,20210519
648,20210518
649,20210517
650,20210514
651,20210513
652,20210512
653,20210511
654,20210510
655,20210507
656,20210506
657,20210430
658,20210429
659,20210428
660,20210427
661,20210426
662,20210423
663,20210422
664,20210421
665,20210420
666,20210419
667,20210416
668,20210415
669,20210414
670,20210413
671,20210412
672,20210409
673,20210408
674,20210407
675,20210406
676,20210402
677,20210401
678,20210331
679,20210330
680,20210329
681,20210326
682,20210325
683,20210324
684,20210323
685,20210322
686,20210319
687,20210318
688,20210317
689,20210316
690,20210315
691,20210312
692,20210311
693,20210310
694,20210309
695,20210308
696,20210305
697,20210304
698,20210303
699,20210302
700,20210301
701,20210226
702,20210225
703,20210224
704,20210223
705,20210222
706,20210219
707,20210218
708,20210210
709,20210209
710,20210208
711,20210205
712,20210204
713,20210203
714,20210202
715,20210201
716,20210129
717,20210128
718,20210127
719,20210126
720,20210125
721,20210122
722,20210121
723,20210120
724,20210119
725,20210118
726,20210115
727,20210114
728,20210113
729,20210112
730,20210111
731,20210108
732,20210107
733,20210106
734,20210105
735,20210104
736,20201231
737,20201230
738,20201229
739,20201228
740,20201225
741,20201224
742,20201223
743,20201222
744,20201221
745,20201218
746,20201217
747,20201216
748,20201215
749,20201214
750,20201211
751,20201210
752,20201209
753,20201208
754,20201207
755,20201204
756,20201203
757,20201202
758,20201201
759,20201130
760,20201127
761,20201126
762,20201125
763,20201124
764,20201123
765,20201120
766,20201119
767,20201118
768,20201117
769,20201116
770,20201113
771,20201112
772,20201111
773,20201110
774,20201109
775,20201106
776,20201105
777,20201104
778,20201103
779,20201102
780,20201030
781,20201029
782,20201028
783,20201027
784,20201026
785,20201023
786,20201022
787,20201021
788,20201020
789,20201019
790,20201016
791,20201015
792,20201014
793,20201013
794,20201012
795,20201009
796,20200930
797,20200929
798,20200928
799,20200925
800,20200924
801,20200923
802,20200922
803,20200921
804,20200918
805,20200917
806,20200916
807,20200915
808,20200914
809,20200911
810,20200910
811,20200909
812,20200908
813,20200907
814,20200904
815,20200903
816,20200902
817,20200901
818,20200831
819,20200828
820,20200827
821,20200826
822,20200825
823,20200824
824,20200821
825,20200820
826,20200819
827,20200818
828,20200817
829,20200814
830,20200813
831,20200812
832,20200811
833,20200810
834,20200807
835,20200806
836,20200805
837,20200804
838,20200803
839,20200731
840,20200730
841,20200729
842,20200728
843,20200727
844,20200724
845,20200723
846,20200722
847,20200721
848,20200720
849,20200717
850,20200716
851,20200715
852,20200714
853,20200713
854,20200710
855,20200709
856,20200708
857,20200707
858,20200706
859,20200703
860,20200702
861,20200701
862,20200630
863,20200629
864,20200624
865,20200623
866,20200622
867,20200619
868,20200618
869,20200617
870,20200616
871,20200615
872,20200612
873,20200611
874,20200610
875,20200609
876,20200608
877,20200605
878,20200604
879,20200603
880,20200602
881,20200601
882,20200529
883,20200528
884,20200527
885,20200526
886,20200525
887,20200522
888,20200521
889,20200520
890,20200519
891,20200518
892,20200515
893,20200514
894,20200513
895,20200512
896,20200511
897,20200508
898,20200507
899,20200506
900,20200430
901,20200429
902,20200428
903,20200427
904,20200424
905,20200423
906,20200422
907,20200421
908,20200420
909,20200417
910,20200416
911,20200415
912,20200414
913,20200413
914,20200410
915,20200409
916,20200408
917,20200407
918,20200403
919,20200402
920,20200401
921,20200331
922,20200330
923,20200327
924,20200326
925,20200325
926,20200324
927,20200323
928,20200320
929,20200319
930,20200318
931,20200317
932,20200316
933,20200313
934,20200312
935,20200311
936,20200310
937,20200309
938,20200306
939,20200305
940,20200304
941,20200303
942,20200302
943,20200228
944,20200227
945,20200226
946,20200225
947,20200224
948,20200221
949,20200220
950,20200219
951,20200218
952,20200217
953,20200214
954,20200213
955,20200212
956,20200211
957,20200210
958,20200207
959,20200206
960,20200205
961,20200204
962,20200203
963,20200123
964,20200122
965,20200121
966,20200120
967,20200117
968,20200116
969,20200115
970,20200114
971,20200113
972,20200110
973,20200109
974,20200108
975,20200107
976,20200106
977,20200103
978,20200102
979,20191231
980,20191230
981,20191227
982,20191226
983,20191225
984,20191224
985,20191223
986,20191220
987,20191219
988,20191218
989,20191217
990,20191216
991,20191213
992,20191212
993,20191211
994,20191210
995,20191209
996,20191206
997,20191205
998,20191204
999,20191203
1000,20191202
1001,20191129
1002,20191128
1003,20191127
1004,20191126
1005,20191125
1006,20191122
1007,20191121
1008,20191120
1009,20191119
1010,20191118
1011,20191115
1012,20191114
1013,20191113
1014,20191112
1015,20191111
1016,20191108
1017,20191107
1018,20191106
1019,20191105
1020,20191104
1021,20191101
1022,20191031
1023,20191030
1024,20191029
1025,20191028
1026,20191025
1027,20191024
1028,20191023
1029,20191022
1030,20191021
1031,20191018
1032,20191017
1033,20191016
1034,20191015
1035,20191014
1036,20191011
1037,20191010
1038,20191009
1039,20191008
1040,20190930
1041,20190927
1042,20190926
1043,20190925
1044,20190924
1045,20190923
1046,20190920
1047,20190919
1048,20190918
1049,20190917
1050,20190916
1051,20190912
1052,20190911
1053,20190910
1054,20190909
1055,20190906
1056,20190905
1057,20190904
1058,20190903
1059,20190902
1060,20190830
1061,20190829
1062,20190828
1063,20190827
1064,20190826
1065,20190823
1066,20190822
1067,20190821
1068,20190820
1069,20190819
1070,20190816
1071,20190815
1072,20190814
1073,20190813
1074,20190812
1075,20190809
1076,20190808
1077,20190807
1078,20190806
1079,20190805
1080,20190802
1081,20190801
1082,20190731
1083,20190730
1084,20190729
1085,20190726
1086,20190725
1087,20190724
1088,20190723
1089,20190722
1090,20190719
1091,20190718
1092,20190717
1093,20190716
1094,20190715
1095,20190712
1096,20190711
1097,20190710
1098,20190709
1099,20190708
1100,20190705
1101,20190704
1102,20190703
1103,20190702
1104,20190701
1105,20190628
1106,20190627
1107,20190626
1108,20190625
1109,20190624
1110,20190621
1111,20190620
1112,20190619
1113,20190618
1114,20190617
1115,20190614
1116,20190613
1117,20190612
1118,20190611
1119,20190610
1120,20190606
1121,20190605
1122,20190604
1123,20190603
1124,20190531
1125,20190530
1126,20190529
1127,20190528
1128,20190527
1129,20190524
1130,20190523
1131,20190522
1132,20190521
1133,20190520
1134,20190517
1135,20190516
1136,20190515
1137,20190514
1138,20190513
1139,20190510
1140,20190509
1141,20190508
1142,20190507
1143,20190506
1144,20190430
1145,20190429
1146,20190426
1147,20190425
1148,20190424
1149,20190423
1150,20190422
1151,20190419
1152,20190418
1153,20190417
1154,20190416
1155,20190415
1156,20190412
1157,20190411
1158,20190410
1159,20190409
1160,20190408
1161,20190404
1162,20190403
1163,20190402
1164,20190401
1165,20190329
1166,20190328
1167,20190327
1168,20190326
1169,20190325
1170,20190322
1171,20190321
1172,20190320
1173,20190319
1174,20190318
1175,20190315
1176,20190314
1177,20190313
1178,20190312
1179,20190311
1180,20190308
1181,20190307
1182,20190306
1183,20190305
1184,20190304
1185,20190301
1186,20190228
1187,20190227
1188,20190226
1189,20190225
1190,20190222
1191,20190221
1192,20190220
1193,20190219
1194,20190218
1195,20190215
1196,20190214
1197,20190213
1198,20190212
1199,20190211
1200,20190201
1201,20190131
1202,20190130
1203,20190129
1204,20190128
1205,20190125
1206,20190124
1207,20190123
1208,20190122
1209,20190121
1210,20190118
1211,20190117
1212,20190116
1213,20190115
1214,20190114
1215,20190111
1216,20190110
1217,20190109
1218,20190108
1219,20190107
1220,20190104
1221,20190103
1222,20190102
1223,20181228
1224,20181227
1225,20181226
1226,20181225
1227,20181224
1228,20181221
1229,20181220
1230,20181219
1231,20181218
1232,20181217
1233,20181214
1234,20181213
1235,20181212
1236,20181211
1237,20181210
1238,20181207
1239,20181206
1240,20181205
1241,20181204
1242,20181203
1243,20181130
1244,20181129
1245,20181128
1246,20181127
1247,20181126
1248,20181123
1249,20181122
1250,20181121
1251,20181120
1252,20181119
1253,20181116
1254,20181115
1255,20181114
1256,20181113
1257,20181112
1258,20181109
1259,20181108
1260,20181107
1261,20181106
1262,20181105
1263,20181102
1264,20181101
1265,20181031
1266,20181030
1267,20181029
1268,20181026
1269,20181025
1270,20181024
1271,20181023
1272,20181022
1273,20181019
1274,20181018
1275,20181017
1276,20181016
1277,20181015
1278,20181012
1279,20181011
1280,20181010
1281,20181009
1282,20181008
1283,20180928
1284,20180927
1285,20180926
1286,20180925
1287,20180921
1288,20180920
1289,20180919
1290,20180918
1291,20180917
1292,20180914
1293,20180913
1294,20180912
1295,20180911
1296,20180910
1297,20180907
1298,20180906
1299,20180905
1300,20180904
1301,20180903
1302,20180831
1303,20180830
1304,20180829
1305,20180828
1306,20180827
1307,20180824
1308,20180823
1309,20180822
1310,20180821
1311,20180820
1312,20180817
1313,20180816
1314,20180815
1315,20180814
1316,20180813
1317,20180810
1318,20180809
1319,20180808
1320,20180807
1321,20180806
1322,20180803
1323,20180802
1324,20180801
1325,20180731
1326,20180730
1327,20180727
1328,20180726
1329,20180725
1330,20180724
1331,20180723
1332,20180720
1333,20180719
1334,20180718
1335,20180717
1336,20180716
1337,20180713
1338,20180712
1339,20180711
1340,20180710
1341,20180709
1342,20180706
1343,20180705
1344,20180704
1345,20180703
1346,20180702
1347,20180629
1348,20180628
1349,20180627
1350,20180626
1351,20180625
1352,20180622
1353,20180621
1354,20180620
1355,20180619
1356,20180615
1357,20180614
1358,20180613
1359,20180612
1360,20180611
1361,20180608
1362,20180607
1363,20180606
1364,20180605
1365,20180604
1366,20180601
1367,20180531
1368,20180530
1369,20180529
1370,20180528
1371,20180525
1372,20180524
1373,20180523
1374,20180522
1375,20180521
1376,20180518
1377,20180517
1378,20180516
1379,20180515
1380,20180514
1381,20180511
1382,20180510
1383,20180509
1384,20180508
1385,20180507
1386,20180504
1387,20180503
1388,20180502
1389,20180427
1390,20180426
1391,20180425
1392,20180424
1393,20180423
1394,20180420
1395,20180419
1396,20180418
1397,20180417
1398,20180416
1399,20180413
1400,20180412
1401,20180411
1402,20180410
1403,20180409
1404,20180404
1405,20180403
1406,20180402
1407,20180330
1408,20180329
1409,20180328
1410,20180327
1411,20180326
1412,20180323
1413,20180322
1414,20180321
1415,20180320
1416,20180319
1417,20180316
1418,20180315
1419,20180314
1420,20180313
1421,20180312
1422,20180309
1423,20180308
1424,20180307
1425,20180306
1426,20180305
1427,20180302
1428,20180301
1429,20180228
1430,20180227
1431,20180226
1432,20180223
1433,20180222
1434,20180214
1435,20180213
1436,20180212
1437,20180209
1438,20180208
1439,20180207
1440,20180206
1441,20180205
1442,20180202
1443,20180201
1444,20180124
1445,20180123
1446,20180122
1447,20180119
1448,20180118
1449,20180117
1450,20180116
1451,20180115
1452,20180112
1453,20180111
1454,20180110
1455,20180109
1456,20180108
1457,20180105
1458,20180104
1459,20180103
1460,20180102
1461,20171229
1462,20171228
1463,20171227
1464,20171226
1465,20171225
1466,20171222
1467,20171221
1468,20171220
1469,20171219
1470,20171218
1471,20171215
1472,20171214
1473,20171213
1474,20171212
1475,20171211
1476,20171208
1477,20171207
1478,20171206
1479,20171205
1480,20171204
1481,20171201
1482,20171130
1483,20171129
1484,20171128
1485,20171127
1486,20171124
1487,20171123
1488,20171122
1489,20171121
1490,20171120
1491,20171117
1492,20171116
1493,20171115
1494,20171114
1495,20171113
1496,20171110
1497,20171109
1498,20161219
1499,20161216
1500,20161215
1501,20161214
1502,20161213
1503,20161212
1504,20161209
1505,20161208
1506,20161207
1507,20161206
1508,20161205
1509,20161202
1510,20161201
1511,20161130
1512,20161129
1513,20161128
1514,20161125
1515,20161124
1516,20161123
1517,20161122
1518,20161121
1519,20161118
1520,20161117
1521,20161116
1522,20161115
1523,20161114
1524,20161111
1525,20161110
1526,20161109
1527,20161108
1528,20161107
1529,20161104
1530,20161103
1531,20161102
1532,20161101
1533,20161031
1534,20161028
1535,20161027
1536,20161026
1537,20161025
1538,20161024
1539,20161021
1540,20161020
1541,20161019
1542,20161018
1543,20161017
1544,20161014
1545,20161013
1546,20161012
1547,20161011
1548,20161010
1549,20160930
1550,20160929
1551,20160928
1552,20160927
1553,20160926
1554,20160923
1555,20160922
1556,20160921
1557,20160920
1558,20160919
1559,20160914
1560,20160913
1561,20160912
1562,20160909
1563,20160908
1564,20160907
1565,20160906
1566,20160905
1567,20160902
1568,20160901
1569,20160831
1570,20160830
1571,20160829
1572,20160826
1573,20160825
1574,20160824
1575,20160823
1576,20160822
1577,20160819
1578,20160818
1579,20160817
1580,20160816
1581,20160815
1582,20160812
1583,20160811
1584,20160810
1585,20160809
1586,20160808
1587,20160805
1588,20160804
1589,20160803
1590,20160802
1591,20160801
1592,20160729
1593,20160728
1594,20160727
1595,20160726
1596,20160725
1597,20160722
1598,20160721
1599,20160720
1600,20160719
1601,20160718
1602,20160715
1603,20160714
1604,20160713
1605,20160712
1606,20160711
1607,20160708
1608,20160707
1609,20160706
1610,20160705
1611,20160704
1612,20160701
1613,20160630
1614,20160629
1615,20160628
1616,20160627
1617,20160624
1618,20160623
1619,20160622
1620,20160621
1621,20160620
1622,20160617
1623,20160616
1624,20160615
1625,20160614
1626,20160613
1627,20160608
1628,20160607
1629,20160606
1630,20160603
1631,20160602
1632,20160601
1633,20160531
1634,20160530
1635,20160527
1636,20160526
1637,20160525
1638,20160524
1639,20160523
1640,20160520
1641,20160519
1642,20160518
1643,20160517
1644,20160516
1645,20160513
1646,20160512
1647,20160511
1648,20160510
1649,20160509
1650,20160506
1651,20160505
1652,20160504
1653,20160503
1654,20160429
1655,20160428
1656,20160427
1657,20160426
1658,20160425
1659,20160422
1660,20160421
1661,20160420
1662,20160419
1663,20160418
1664,20160415
1665,20160414
1666,20160413
1667,20160412
1668,20160411
1669,20160408
1670,20160407
1671,20160406
1672,20160405
1673,20160401
1674,20160331
1675,20160330
1676,20160329
1677,20160328
1678,20160325
1679,20160324
1680,20160323
1681,20160322
1682,20160321
1683,20160318
1684,20160317
1685,20160316
1686,20160315
1687,20160314
1688,20160311
1689,20160310
1690,20160309
1691,20160308
1692,20160307
1693,20160304
1694,20160303
1695,20160302
1696,20160301
1697,20160229
1698,20160226
1699,20160225
1700,20160224
1701,20160223
1702,20160222
1703,20160219
1704,20160218
1705,20160217
1706,20160216
1707,20160215
1708,20160205
1709,20160204
1710,20160203
1711,20160202
1712,20160201
1713,20160129
1714,20160128
1715,20160127
1716,20160126
1717,20160125
1718,20160122
1719,20160121
1720,20160120
1721,20160119
1722,20160118
1723,20160115
1724,20160114
1725,20160113
1726,20160112
1727,20160111
1728,20160108
1729,20160107
1730,20160106
1731,20160105
1732,20160104
1733,20151231
1734,20151230
1735,20151229
1736,20151228
1737,20151225
1738,20151224
1739,20151223
1740,20151222
1741,20151221
1742,20151218
1743,20151217
1744,20151216
1745,20151215
1746,20151214
1747,20151210
1748,20151209
1749,20151208
1750,20151207
1751,20151204
1752,20151203
1753,20151202
1754,20151201
1755,20151130
1756,20151127
1757,20151126
1758,20151125
1759,20151124
1760,20151123
1761,20151120
1762,20151119
1763,20151118
1764,20151117
1765,20151116
1766,20151113
1767,20151112
1768,20151111
1769,20151110
1770,20151109
1771,20151106
1772,20151105
1773,20151104
1774,20151103
1775,20151102
1776,20151030
1777,20151029
1778,20151028
1779,20151027
1780,20151026
1781,20151023
1782,20151022
1783,20151021
1784,20151020
1785,20151019
1786,20151016
1787,20151015
1788,20151014
1789,20151013
1790,20151012
1791,20151009
1792,20151008
1793,20150930
1794,20150929
1795,20150928
1796,20150925
1797,20150924
1798,20150923
1799,20150922
1800,20150921
1801,20150918
1802,20150917
1803,20150916
1804,20150915
1805,20150914
1806,20150911
1807,20150910
1808,20150909
1809,20150908
1810,20150907
1811,20150902
1812,20150901
1813,20150831
1814,20150828
1815,20150827
1816,20150826
1817,20150825
1818,20150824
1819,20150821
1820,20150820
1821,20150819
1822,20150818
1823,20150817
1824,20150814
1825,20150813
1826,20150812
1827,20150811
1828,20150810
1829,20150807
1830,20150806
1831,20150805
1832,20150804
1833,20150803
1834,20150731
1835,20150730
1836,20150729
1837,20150728
1838,20150727
1839,20150724
1840,20150723
1841,20150722
1842,20150721
1843,20150720
1844,20150717
1845,20150716
1846,20150715
1847,20150714
1848,20150713
1849,20150710
1850,20150709
1851,20150708
1852,20150707
1853,20150706
1854,20150703
1855,20150702
1856,20150701
1857,20150630
1858,20150629
1859,20150626
1860,20150625
1861,20150624
1862,20150623
1863,20150619
1864,20150618
1865,20150617
1866,20150616
1867,20150615
1868,20150612
1869,20150611
1870,20150610
1871,20150609
1872,20150608
1873,20150605
1874,20150604
1875,20150603
1876,20150602
1877,20150601
1878,20150529
1879,20150528
1880,20150527
1881,20150526
1882,20150525
1883,20150522
1884,20150521
1885,20150520
1886,20150519
1887,20150518
1888,20150515
1889,20150514
1890,20150513
1891,20150512
1892,20150511
1893,20150508
1894,20150507
1895,20150506
1896,20150505
1897,20150504
1898,20150430
1899,20150429
1900,20150407
1901,20150403
1902,20150402
1903,20150401
1904,20150331
1905,20150330
1906,20150327
1907,20150326
1908,20150325
1909,20150324
1910,20150323
1911,20150320
1912,20150319
1913,20150318
1914,20150317
1915,20150316
1916,20150313
1917,20150312
1918,20150311
1919,20150310
1920,20150309
1921,20150306
1922,20150305
1923,20150304
1924,20150303
1925,20150302
1926,20150227
1927,20150226
1928,20150225
1929,20150217
1930,20150216
1931,20150213
1932,20150212
1933,20150211
1934,20150210
1935,20150209
1936,20150206
1937,20150205
1938,20150204
1939,20150203
1940,20150202
1941,20150130
1942,20150129
1943,20150128
1944,20150127
1945,20150126
1946,20150123
1947,20150122
1948,20150121
1949,20150120
1950,20150119
1951,20150116
1952,20150115
1953,20150114
1954,20150113
1955,20150112
1956,20150109
1957,20150108
1958,20150107
1959,20150106
1960,20150105
1961,20141231
1962,20141230
1963,20141229
1964,20141226
1965,20141225
1966,20141224
1967,20141223
1968,20141222
1969,20141219
1970,20141218
1971,20141217
1972,20141216
1973,20141215
1974,20141212
1975,20141211
1976,20141210
1977,20141209
1978,20141208
1979,20141205
1980,20141204
1981,20141203
1982,20141202
1983,20141201
1984,20141128
1985,20141127
1986,20141126
1987,20141125
1988,20141124
1989,20141121
1990,20141120
1991,20141119
1992,20141118
1993,20141117
1994,20141114
1995,20141113
1996,20141112
1997,20141111
1998,20141110
1999,20141107
2000,20141106
2001,20141105
2002,20141104
2003,20141103
2004,20141031
2005,20141030
2006,20141029
2007,20141028
2008,20141027
2009,20141024
2010,20141023
2011,20141022
2012,20141021
2013,20141020
2014,20141017
2015,20141016
2016,20141015
2017,20141014
2018,20141013
2019,20141010
2020,20141009
2021,20141008
2022,20140930
2023,20140929
2024,20140926
2025,20140925
2026,20140924
2027,20140923
2028,20140922
2029,20140919
2030,20140918
2031,20140917
2032,20140916
2033,20140915
2034,20140912
2035,20140911
2036,20140910
2037,20140909
2038,20140905
2039,20140904
2040,20140903
2041,20140902
2042,20140901
2043,20140829
2044,20140828
2045,20140827
2046,20140826
2047,20140825
2048,20140822
2049,20140821
2050,20140820
2051,20140819
2052,20140818
2053,20140815
2054,20140814
2055,20140813
2056,20140812
2057,20140811
2058,20140808
2059,20140807
2060,20140806
2061,20140805
2062,20140804
2063,20140801
2064,20140731
2065,20140730
2066,20140729
2067,20140728
2068,20140725
2069,20140724
2070,20140723
2071,20140722
2072,20140721
2073,20140718
2074,20140717
2075,20140716
2076,20140715
2077,20140714
2078,20140711
2079,20140710
2080,20140709
2081,20140708
2082,20140707
2083,20140704
2084,20140703
2085,20140702
2086,20140701
2087,20140630
2088,20140627
2089,20140626
2090,20140625
2091,20140624
2092,20140623
2093,20140620
2094,20140619
2095,20140618
2096,20140617
2097,20140616
2098,20140613
2099,20140612
2100,20140611
2101,20140610
2102,20140609
2103,20140606
2104,20140605
2105,20140604
2106,20140603
2107,20140530
2108,20140529
2109,20140528
2110,20140527
2111,20140526
2112,20140523
2113,20140522
2114,20140521
2115,20140520
2116,20140519
2117,20140516
2118,20140515
2119,20140514
2120,20140513
2121,20140512
2122,20140509
2123,20140508
2124,20140507
2125,20140506
2126,20140505
2127,20140430
2128,20140429
2129,20140428
2130,20140425
2131,20140424
2132,20140423
2133,20140422
2134,20140421
2135,20140418
2136,20140417
2137,20140416
2138,20140415
2139,20140414
2140,20140411
2141,20140410
2142,20140409
2143,20140408
2144,20140404
2145,20140403
2146,20140402
2147,20140401
2148,20140331
2149,20140328
2150,20140327
2151,20140326
2152,20140325
2153,20140324
2154,20140321
2155,20140320
2156,20140319
2157,20140318
2158,20140317
2159,20140314
2160,20140313
2161,20140312
2162,20140311
2163,20140310
2164,20140307
2165,20140306
2166,20140305
2167,20140304
2168,20140303
2169,20140228
2170,20140227
2171,20140226
2172,20140225
2173,20140224
2174,20140221
2175,20140220
2176,20140219
2177,20140218
2178,20140217
2179,20140214
2180,20140213
2181,20140212
2182,20140211
2183,20140210
2184,20140207
2185,20140130
2186,20140129
2187,20140128
2188,20140127
2189,20140124
2190,20140123
2191,20140122
2192,20140121
2193,20140120
2194,20140117
2195,20140116
2196,20140115
2197,20140114
2198,20140113
2199,20140110
2200,20140109
2201,20140108
2202,20140107
2203,20140106
2204,20140103
2205,20140102
2206,20131231
2207,20131230
2208,20131227
2209,20131226
2210,20131225
2211,20131224
2212,20131223
2213,20131220
2214,20131219
2215,20131218
2216,20131217
2217,20131216
2218,20131213
2219,20131212
2220,20131211
2221,20131210
2222,20131209
2223,20131206
2224,20131205
2225,20131204
2226,20131203
2227,20131202
2228,20131129
2229,20131128
2230,20131127
2231,20131126
2232,20131125
2233,20131122
2234,20131121
2235,20131120
2236,20131119
2237,20131118
2238,20131115
2239,20131114
2240,20131113
2241,20131112
2242,20131111
2243,20131108
2244,20131107
2245,20131106
2246,20131105
2247,20131104
2248,20131101
2249,20131031
2250,20131030
2251,20131029
2252,20131028
2253,20131025
2254,20131024
2255,20131023
2256,20131022
2257,20131021
2258,20131018
2259,20131017
2260,20131016
2261,20131015
2262,20131014
2263,20131011
2264,20131010
2265,20131009
2266,20131008
2267,20130930
2268,20130927
2269,20130926
2270,20130925
2271,20130924
2272,20130923
2273,20130918
2274,20130917
2275,20130916
2276,20130913
2277,20130912
2278,20130911
2279,20130910
2280,20130909
2281,20130906
2282,20130905
2283,20130904
2284,20130903
2285,20130902
2286,20130830
2287,20130829
2288,20130828
2289,20130827
2290,20130826
2291,20130823
2292,20130822
2293,20130821
2294,20130820
2295,20130819
2296,20130816
2297,20130815
2298,20130814
2299,20130813
2300,20130812
2301,20130809
2302,20130808
2303,20130807
2304,20130806
2305,20130805
2306,20130802
2307,20130801
2308,20130731
2309,20130730
2310,20130729
2311,20130726
2312,20130725
2313,20130724
2314,20130723
2315,20130722
2316,20130719
2317,20130718
2318,20130717
2319,20130716
2320,20130715
2321,20130712
2322,20130711
2323,20130710
2324,20130709
2325,20130708
2326,20130705
2327,20130704
2328,20130703
2329,20130702
2330,20130701
2331,20130628
2332,20130627
2333,20130626
2334,20130625
2335,20130624
2336,20130621
2337,20130620
2338,20130619
2339,20130618
2340,20130617
2341,20130614
2342,20130613
2343,20130607
2344,20130606
2345,20130605
2346,20130604
2347,20130603
2348,20130531
2349,20130530
2350,20130529
2351,20130528
2352,20130527
2353,20130524
2354,20130523
2355,20130522
2356,20130521
2357,20130520
2358,20130517
2359,20130516
2360,20130515
2361,20130514
2362,20130513
2363,20130510
2364,20130509
2365,20130508
2366,20130507
2367,20130506
2368,20130503
2369,20130502
2370,20130426
2371,20130425
2372,20130424
2373,20130423
2374,20130422
2375,20130419
2376,20130418
2377,20130417
2378,20130416
2379,20130415
2380,20130412
2381,20130411
2382,20130410
2383,20130409
2384,20130408
2385,20130403
2386,20130402
2387,20130401
2388,20130329
2389,20130328
2390,20130327
2391,20130326
2392,20130325
2393,20130322
2394,20130321
2395,20130320
2396,20130319
2397,20130318
2398,20130315
2399,20130314
2400,20130313
2401,20130312
2402,20130311
2403,20130308
2404,20130307
2405,20130306
2406,20130305
2407,20130304
2408,20130301
2409,20130228
2410,20130227
2411,20130226
2412,20130225
2413,20130222
2414,20130221
2415,20130220
2416,20130219
2417,20130218
2418,20130208
2419,20130207
2420,20130206
2421,20130205
2422,20130204
2423,20130201
2424,20130131
2425,20130130
2426,20130129
2427,20130128
2428,20130125
2429,20130124
2430,20130123
2431,20130122
2432,20130121
2433,20130118
2434,20130117
2435,20130116
2436,20130115
2437,20130114
2438,20130111
2439,20130110
2440,20130109
2441,20130108
2442,20130107
2443,20130104
2444,20121231
2445,20121228
2446,20121227
2447,20121226
2448,20121225
2449,20121224
2450,20121221
2451,20121220
2452,20121219
2453,20121218
2454,20121217
2455,20121214
2456,20121213
2457,20121212
2458,20121211
2459,20121210
2460,20121207
2461,20121206
2462,20121205
2463,20121204
2464,20121203
2465,20121130
2466,20121129
2467,20121128
2468,20121127
2469,20121126
2470,20121123
2471,20121122
2472,20121121
2473,20121120
2474,20121119
2475,20121116
2476,20121115
2477,20121114
2478,20121113
2479,20121112
2480,20121109
2481,20121108
2482,20121107
2483,20121106
2484,20121105
2485,20121102
2486,20121101
2487,20121031
2488,20121030
2489,20121029
2490,20121026
2491,20121025
2492,20121024
2493,20121023
2494,20121022
2495,20121019
2496,20121018
2497,20121017
2498,20121016
2499,20121015
2500,20121012
2501,20121011
2502,20121010
2503,20121009
2504,20121008
2505,20120928
2506,20120927
2507,20120926
2508,20120925
2509,20120924
2510,20120921
2511,20120920
2512,20120919
2513,20120918
2514,20120917
2515,20120914
2516,20120913
2517,20120912
2518,20120911
2519,20120910
2520,20120907
2521,20120906
2522,20120905
2523,20120904
2524,20120903
2525,20120831
2526,20120830
2527,20120829
2528,20120828
2529,20120827
2530,20120824
2531,20120823
2532,20120822
2533,20120821
2534,20120820
2535,20120817
2536,20120816
2537,20120815
2538,20120814
2539,20120813
2540,20120810
2541,20120809
2542,20120808
2543,20120807
2544,20120806
2545,20120803
2546,20120802
2547,20120801
2548,20120731
2549,20120730
2550,20120727
2551,20120726
2552,20120725
2553,20120724
2554,20120723
2555,20120720
2556,20120719
2557,20120718
2558,20120717
2559,20120716
2560,20120713
2561,20120712
2562,20120711
2563,20120710
2564,20120709
2565,20120706
2566,20120705
2567,20120704
2568,20120703
2569,20120702
2570,20120629
2571,20120628
2572,20120627
2573,20120626
2574,20120625
2575,20120621
2576,20120620
2577,20120619
2578,20120618
2579,20120615
2580,20120614
2581,20120613
2582,20120612
2583,20120611
2584,20120608
2585,20120607
2586,20120606
2587,20120605
2588,20120604
2589,20120601
2590,20120531
2591,20120530
2592,20120529
2593,20120528
2594,20120525
2595,20120524
2596,20120523
2597,20120522
2598,20120521
2599,20120518
2600,20120517
2601,20120516
2602,20120515
2603,20120514
2604,20120511
2605,20120510
2606,20120509
2607,20120508
2608,20120507
2609,20120504
2610,20120503
2611,20120502
2612,20120427
2613,20120426
2614,20120425
2615,20120424
2616,20120423
2617,20120420
2618,20120419
2619,20120418
2620,20120416
2621,20120413
2622,20120412
2623,20120411
2624,20120410
2625,20120409
2626,20120406
2627,20120405
2628,20120330
2629,20120329
2630,20120328
2631,20120327
2632,20120326
2633,20120323
2634,20120322
2635,20120321
2636,20120320
2637,20120319
2638,20120316
2639,20120315
2640,20120314
2641,20120313
2642,20120312
2643,20120309
2644,20120308
2645,20120307
2646,20120306
2647,20120305
2648,20120302
2649,20120301
2650,20120229
2651,20120228
2652,20120227
2653,20120224
2654,20120223
2655,20120222
2656,20120221
2657,20120220
2658,20120217
2659,20120216
2660,20120215
2661,20120214
2662,20120213
2663,20120210
2664,20120209
2665,20120208
2666,20120207
2667,20120206
2668,20120203
2669,20120202
2670,20120201
2671,20120131
2672,20120130
2673,20120120
2674,20120119
2675,20120118
2676,20120117
2677,20120116
2678,20120113
2679,20120112
2680,20120111
2681,20120110
2682,20120109
2683,20120106
2684,20120105
2685,20120104
2686,20111230
2687,20111229
2688,20111228
2689,20111227
2690,20111226
2691,20111223
2692,20111222
2693,20111221
2694,20111220
2695,20111219
2696,20111216
2697,20111215
2698,20111214
2699,20111213
2700,20111212
2701,20111209
2702,20111208
2703,20111207
2704,20111206
2705,20111205
2706,20111202
2707,20111201
2708,20111130
2709,20111129
2710,20111128
2711,20111125
2712,20111124
2713,20111123
2714,20111122
2715,20111121
2716,20111118
2717,20111116
2718,20111115
2719,20111114
2720,20111111
2721,20111110
2722,20111109
2723,20111108
2724,20111107
2725,20111104
2726,20111103
2727,20111102
2728,20111101
2729,20111031
2730,20111028
2731,20111027
2732,20111026
2733,20111025
2734,20111024
2735,20111021
2736,20111020
2737,20111019
2738,20111018
2739,20111017
2740,20111014
2741,20111013
2742,20111012
2743,20111011
2744,20111010
2745,20110930
2746,20110929
2747,20110928
2748,20110927
2749,20110926
2750,20110923
2751,20110922
2752,20110921
2753,20110920
2754,20110919
2755,20110916
2756,20110915
2757,20110914
2758,20110913
2759,20110909
2760,20110908
2761,20110907
2762,20110906
2763,20110905
2764,20110902
2765,20110901
2766,20110831
2767,20110830
2768,20110829
2769,20110826
2770,20110825
2771,20110824
2772,20110823
2773,20110822
2774,20110819
2775,20110818
2776,20110817
2777,20110816
2778,20110815
2779,20110812
2780,20110811
2781,20110810
2782,20110809
2783,20110808
2784,20110805
2785,20110804
2786,20110803
2787,20110802
2788,20110801
2789,20110729
2790,20110728
2791,20110727
2792,20110726
2793,20110725
2794,20110722
2795,20110721
2796,20110720
2797,20110719
2798,20110718
2799,20110715
2800,20110714
2801,20110713
2802,20110712
2803,20110711
2804,20110708
2805,20110707
2806,20110706
2807,20110705
2808,20110704
2809,20110701
2810,20110630
2811,20110629
2812,20110628
2813,20110627
2814,20110624
2815,20110623
2816,20110622
2817,20110621
2818,20110620
2819,20110617
2820,20110616
2821,20110615
2822,20110614
2823,20110613
2824,20110610
2825,20110609
2826,20110608
2827,20110607
2828,20110603
2829,20110602
2830,20110601
2831,20110531
2832,20110530
2833,20110527
2834,20110526
2835,20110525
2836,20110524
2837,20110523
2838,20110520
2839,20110519
2840,20110517
2841,20110516
2842,20110513
2843,20110512
2844,20110511
2845,20110510
2846,20110509
2847,20110506
2848,20110505
2849,20110504
2850,20110503
2851,20110429
2852,20110428
2853,20110427
2854,20110426
2855,20110425
2856,20110422
2857,20110421
2858,20110420
2859,20110419
2860,20110418
2861,20110415
2862,20110414
2863,20110413
2864,20110412
2865,20110411
2866,20110408
2867,20110407
2868,20110406
2869,20110401
2870,20110331
2871,20110330
2872,20110329
2873,20110328
2874,20110325
2875,20110324
2876,20110323
2877,20110321
2878,20110318
2879,20110317
2880,20110316
2881,20110315
2882,20110314
2883,20110311
2884,20110310
2885,20110309
2886,20110308
2887,20110307
2888,20110304
2889,20110303
2890,20110302
2891,20110301
2892,20110228
2893,20110225
2894,20110224
2895,20110223
2896,20110222
2897,20110221
2898,20110218
2899,20110217
2900,20110216
2901,20110215
2902,20110214
2903,20110211
2904,20110210
2905,20110209
2906,20110201
2907,20110131
2908,20110128
2909,20110127
2910,20110126
2911,20110125
2912,20110124
2913,20110121
2914,20110120
2915,20110119
2916,20110118
2917,20110117
2918,20110114
2919,20110113
2920,20110112
2921,20110111
2922,20110110
2923,20110107
2924,20110106
2925,20110105
2926,20110104
2927,20101231
2928,20101229
2929,20101228
2930,20101227
2931,20101224
2932,20101223
2933,20101222
2934,20101221
2935,20101220
2936,20101217
2937,20101216
2938,20101215
2939,20101214
2940,20101213
2941,20101210
2942,20101209
2943,20101208
2944,20101207
2945,20101206
2946,20101203
2947,20101202
2948,20101201
2949,20101130
2950,20101129
2951,20101126
2952,20101125
2953,20101124
2954,20101123
2955,20101122
2956,20101119
2957,20101118
2958,20101117
2959,20101116
2960,20101115
2961,20101112
2962,20101111
2963,20101110
2964,20101109
2965,20101108
2966,20101105
2967,20101104
2968,20101103
2969,20101102
2970,20101101
2971,20101029
2972,20101028
2973,20101027
2974,20101026
2975,20101025
2976,20101022
2977,20101021
2978,20101020
2979,20101019
2980,20101018
2981,20101015
2982,20101014
2983,20101013
2984,20101012
2985,20101011
2986,20101008
2987,20100930
2988,20100929
2989,20100928
2990,20100927
2991,20100921
2992,20100920
2993,20100917
2994,20100916
2995,20100915
2996,20100914
2997,20100913
2998,20100910
2999,20100909
3000,20100908
3001,20100907
3002,20100906
3003,20100903
3004,20100902
3005,20100901
3006,20100831
3007,20100830
3008,20100827
3009,20100826
3010,20100825
3011,20100824
3012,20100823
3013,20100820
3014,20100819
3015,20100818
3016,20100817
3017,20100816
3018,20100813
3019,20100812
3020,20100811
3021,20100810
3022,20100809
3023,20100806
3024,20100805
3025,20100804
3026,20100803
3027,20100802
3028,20100730
3029,20100729
3030,20100728
3031,20100727
3032,20100726
3033,20100723
3034,20100722
3035,20100721
3036,20100720
3037,20100719
3038,20100716
3039,20100715
3040,20100714
3041,20100713
3042,20100712
3043,20100709
3044,20100708
3045,20100707
3046,20100706
3047,20100705
3048,20100702
3049,20100701
3050,20100630
3051,20100629
3052,20100628
3053,20100625
3054,20100624
3055,20100623
3056,20100622
3057,20100621
3058,20100618
3059,20100617
3060,20100611
3061,20100610
3062,20100609
3063,20100608
3064,20100607
3065,20100604
3066,20100602
3067,20100601
3068,20100531
3069,20100528
3070,20100527
3071,20100526
3072,20100525
3073,20100524
3074,20100521
3075,20100520
3076,20100519
3077,20100518
3078,20100517
3079,20100514
3080,20100513
3081,20100512
3082,20100511
3083,20100510
3084,20100507
3085,20100506
3086,20100505
3087,20100504
3088,20100430
3089,20100429
3090,20100428
3091,20100427
3092,20100426
3093,20100423
3094,20100422
3095,20100421
3096,20100420
3097,20100419
3098,20100416
3099,20100415
3100,20100414
3101,20100413
3102,20100412
3103,20100409
3104,20100408
3105,20100407
3106,20100406
3107,20100402
3108,20100401
3109,20100331
3110,20100330
3111,20100329
3112,20100326
3113,20100325
3114,20100324
3115,20100323
3116,20100322
3117,20100319
3118,20100318
3119,20100317
3120,20100316
3121,20100315
3122,20100312
3123,20100311
3124,20100310
3125,20100309
3126,20100308
3127,20100305
3128,20100304
3129,20100303
3130,20100302
3131,20100301
3132,20100226
3133,20100225
3134,20100224
3135,20100223
3136,20100222
3137,20100212
3138,20100211
3139,20100210
3140,20100208
3141,20100205
3142,20100204
3143,20100203
3144,20100202
3145,20100201
3146,20100129
3147,20100128
3148,20100127
3149,20100126
3150,20100125
3151,20100122
3152,20100121
3153,20100120
3154,20100119
3155,20100118
3156,20100115
3157,20100114
3158,20100113
3159,20100112
3160,20100111
3161,20100108
3162,20100107
3163,20100106
3164,20100105
3165,20100104
3166,20091231
3167,20091230
3168,20091229
3169,20091228
3170,20091225
3171,20091224
3172,20091223
3173,20091222
3174,20091221
3175,20091218
3176,20091217
3177,20091216
3178,20091215
3179,20091214
3180,20091211
3181,20091210
3182,20091209
3183,20091208
3184,20091207
3185,20091204
3186,20091203
3187,20091202
3188,20091201
3189,20091130
3190,20091127
3191,20091126
3192,20091125
3193,20091124
3194,20091123
3195,20091120
3196,20091119
3197,20091118
3198,20091117
3199,20091116
3200,20091113
3201,20091112
3202,20091111
3203,20091110
3204,20091109
3205,20091106
3206,20091105
3207,20091104
3208,20091103
3209,20091102
3210,20091030
3211,20091029
3212,20091028
3213,20091027
3214,20091026
3215,20091023
3216,20091022
3217,20091021
3218,20091020
3219,20091019
3220,20091016
3221,20091015
3222,20091014
3223,20091013
3224,20091012
3225,20091009
3226,20090930
3227,20090929
3228,20090928
3229,20090925
3230,20090924
3231,20090923
3232,20090922
3233,20090921
3234,20090918
3235,20090917
3236,20090916
3237,20090915
3238,20090914
3239,20090911
3240,20090910
3241,20090909
3242,20090907
3243,20090904
3244,20090903
3245,20090902
3246,20090901
3247,20090831
3248,20090828
3249,20090827
3250,20090826
3251,20090825
3252,20090824
3253,20090821
3254,20090820
3255,20090819
3256,20090818
3257,20090817
3258,20090814
3259,20090813
3260,20090812
3261,20090811
3262,20090810
3263,20090807
3264,20090806
3265,20090805
3266,20090804
3267,20090803
3268,20090731
3269,20090730
3270,20090729
3271,20090728
3272,20090727
3273,20090724
3274,20090723
3275,20090722
3276,20090721
3277,20090720
3278,20090717
3279,20090716
3280,20090715
3281,20090714
3282,20090713
3283,20090710
3284,20090709
3285,20090708
3286,20090707
3287,20090706
3288,20090703
3289,20090702
3290,20090701
3291,20090630
3292,20090629
3293,20090626
3294,20090625
3295,20090624
3296,20090623
3297,20090622
3298,20090619
3299,20090618
3300,20090617
3301,20090616
3302,20090615
3303,20090612
3304,20090611
3305,20090610
3306,20090609
3307,20090608
3308,20090605
3309,20090604
3310,20090603
3311,20090602
3312,20090601
3313,20090527
3314,20090526
3315,20090525
3316,20090522
3317,20090521
3318,20090520
3319,20090519
3320,20090518
3321,20090515
3322,20090514
3323,20090513
3324,20090512
3325,20090511
3326,20090508
3327,20090507
3328,20090506
3329,20090505
3330,20090504
3331,20090430
3332,20090429
3333,20090428
3334,20090427
3335,20090424
3336,20090423
3337,20090421
3338,20090420
3339,20090417
3340,20090416
3341,20090415
3342,20090414
3343,20090413
3344,20090410
3345,20090409
3346,20090408
3347,20090407
3348,20090403
3349,20090402
3350,20090401
3351,20090331
3352,20090330
3353,20090327
3354,20090326
3355,20090325
3356,20090324
3357,20090323
3358,20090320
3359,20090319
3360,20090318
3361,20090317
3362,20090316
3363,20090313
3364,20090312
3365,20090311
3366,20090310
3367,20090309
3368,20090306
3369,20090305
3370,20090304
3371,20090303
3372,20090302
3373,20090227
3374,20090226
3375,20090225
3376,20090224
3377,20090223
3378,20090220
3379,20090219
3380,20090218
3381,20090217
3382,20090216
3383,20090213
3384,20090212
3385,20090211
3386,20090210
3387,20090209
3388,20090206
3389,20090205
3390,20090204
3391,20090203
3392,20090202
3393,20090123
3394,20090122
3395,20090121
3396,20090120
3397,20090119
3398,20090116
3399,20090115
3400,20090114
3401,20090113
3402,20090112
3403,20090109
3404,20090108
3405,20090107
3406,20090106
3407,20090105
3408,20081231
3409,20081230
3410,20081229
3411,20081226
3412,20081225
3413,20081224
3414,20081223
3415,20081222
3416,20081219
3417,20081218
3418,20081217
3419,20081216
3420,20081215
3421,20081212
3422,20081211
3423,20081210
3424,20081209
3425,20081208
3426,20081205
3427,20081204
3428,20081203
3429,20081201
3430,20081128
3431,20081127
3432,20081126
3433,20081125
3434,20081124
3435,20081121
3436,20081120
3437,20081119
3438,20081118
3439,20081117
3440,20081114
3441,20081113
3442,20081112
3443,20081111
3444,20081110
3445,20081107
3446,20081106
3447,20081105
3448,20081104
3449,20081103
3450,20081031
3451,20081030
3452,20081029
3453,20081028
3454,20081027
3455,20081024
3456,20081023
3457,20081022
3458,20081021
3459,20081020
3460,20081017
3461,20081016
3462,20081015
3463,20081014
3464,20081013
3465,20081010
3466,20081009
3467,20081008
3468,20081007
3469,20081006
3470,20080926
3471,20080925
3472,20080924
3473,20080923
3474,20080922
3475,20080919
3476,20080918
3477,20080917
3478,20080916
3479,20080912
3480,20080911
3481,20080910
3482,20080909
3483,20080908
3484,20080905
3485,20080904
3486,20080903
3487,20080902
3488,20080901
3489,20080829
3490,20080828
3491,20080827
3492,20080826
3493,20080825
3494,20080822
3495,20080821
3496,20080820
3497,20080819
3498,20080818
3499,20080815
3500,20080814
3501,20080813
3502,20080812
3503,20080811
3504,20080808
3505,20080807
3506,20080806
3507,20080805
3508,20080804
3509,20080801
3510,20080731
3511,20080730
3512,20080729
3513,20080728
3514,20080222
3515,20080221
3516,20080220
3517,20080219
3518,20080218
3519,20080215
3520,20080214
3521,20080213
3522,20080205
3523,20080204
3524,20080201
3525,20080131
3526,20080130
3527,20080129
3528,20080128
3529,20080125
3530,20080124
3531,20080123
3532,20080122
3533,20080121
3534,20080118
3535,20080117
3536,20080116
3537,20080115
3538,20080114
3539,20080111
3540,20080110
3541,20080109
3542,20080108
3543,20080107
3544,20080104
3545,20080103
3546,20071228
3547,20071227
3548,20071226
3549,20071225
3550,20071224
3551,20071221
3552,20071220
3553,20071219
3554,20071218
3555,20071217
3556,20071214
3557,20071213
3558,20071212
3559,20071211
3560,20071210
3561,20071207
3562,20071206
3563,20071205
3564,20071204
3565,20071203
3566,20071130
3567,20071129
3568,20071128
3569,20071127
3570,20071126
3571,20071123
3572,20071122
3573,20071121
3574,20071120
3575,20071119
3576,20071116
3577,20071115
3578,20071113
3579,20071112
3580,20071109
3581,20071108
3582,20071107
3583,20071106
3584,20071105
3585,20071102
3586,20071101
3587,20071031
3588,20071030
3589,20071029
3590,20071026
3591,20071025
3592,20071024
3593,20071023
3594,20071022
3595,20071019
3596,20071018
3597,20071017
3598,20071016
3599,20071015
3600,20071012
3601,20071011
3602,20071010
3603,20071009
3604,20071008
3605,20070928
3606,20070927
3607,20070926
3608,20070925
3609,20070924
3610,20070921
3611,20070920
3612,20070919
3613,20070918
3614,20070917
3615,20070914
3616,20070913
3617,20070912
3618,20070911
3619,20070910
3620,20070907
3621,20070906
3622,20070905
3623,20070904
3624,20070903
3625,20070831
3626,20070830
3627,20070829
3628,20070828
3629,20070827
3630,20070824
3631,20070823
3632,20070822
3633,20070821
3634,20070820
3635,20070817
3636,20070816
3637,20070815
3638,20070814
3639,20070813
3640,20070810
3641,20070809
3642,20070808
3643,20070807
3644,20070806
3645,20070803
3646,20070802
3647,20070801
3648,20070731
3649,20070730
3650,20070727
3651,20070726
3652,20070725
3653,20070724
3654,20070723
3655,20070719
3656,20070718
3657,20070717
3658,20070716
3659,20070713
3660,20070712
3661,20070711
3662,20070710
3663,20070709
3664,20070706
3665,20070705
3666,20070704
3667,20070703
3668,20070702
3669,20070629
3670,20070628
3671,20070627
3672,20070626
3673,20070625
3674,20070622
3675,20070621
3676,20070620
3677,20070619
3678,20070618
3679,20070615
3680,20070614
3681,20070613
3682,20070612
3683,20070611
3684,20070608
3685,20070607
3686,20070606
3687,20070605
3688,20070604
3689,20070601
3690,20070531
3691,20070530
3692,20070529
3693,20070528
3694,20070525
3695,20070523
3696,20070522
3697,20070521
3698,20070518
3699,20070517
3700,20070516
3701,20070515
3702,20070514
3703,20070511
3704,20070510
3705,20070509
3706,20070508
3707,20070430
3708,20070427
3709,20070426
3710,20070425
3711,20070424
3712,20070423
3713,20070420
3714,20070419
3715,20070418
3716,20070417
3717,20070416
3718,20070413
3719,20070412
3720,20070411
3721,20070410
3722,20070409
3723,20070406
3724,20070405
3725,20070404
3726,20070403
3727,20070402
3728,20070330
3729,20070328
3730,20070327
3731,20070326
3732,20070323
3733,20070322
3734,20070321
3735,20070320
3736,20070319
3737,20070316
3738,20070315
3739,20070314
3740,20070313
3741,20070312
3742,20070309
3743,20070308
3744,20070307
3745,20070306
3746,20070305
3747,20070302
3748,20070301
3749,20070228
3750,20070227
3751,20070226
3752,20070216
3753,20070214
3754,20070213
3755,20070212
3756,20070209
3757,20070208
3758,20070207
3759,20070206
3760,20070205
3761,20070202
3762,20070201
3763,20070131
3764,20070130
3765,20070129
3766,20070126
3767,20070125
3768,20070124
3769,20070123
3770,20070122
3771,20070119
3772,20070118
3773,20070117
3774,20070116
3775,20070115
3776,20070112
3777,20070111
3778,20070110
3779,20070109
3780,20070108
3781,20070105
3782,20070104
3783,20061229
3784,20061228
3785,20061227
3786,20061226
3787,20061225
3788,20061222
3789,20061221
3790,20061220
3791,20061219
3792,20061218
3793,20061215
3794,20061214
3795,20061213
3796,20061212
3797,20061211
3798,20061208
3799,20061207
3800,20061206
3801,20061205
3802,20061204
3803,20061201
3804,20061130
3805,20061129
3806,20061128
3807,20061127
3808,20061124
3809,20061123
3810,20061122
3811,20061121
3812,20061120
3813,20061117
3814,20061116
3815,20061115
3816,20061114
3817,20061113
3818,20061110
3819,20061109
3820,20061108
3821,20061107
3822,20061106
3823,20061103
3824,20061102
3825,20061101
3826,20061031
3827,20061030
3828,20061027
3829,20061026
3830,20061025
3831,20061024
3832,20061023
3833,20061020
3834,20061019
3835,20061018
3836,20061017
3837,20061016
3838,20061013
3839,20061012
3840,20061011
3841,20061010
3842,20061009
3843,20060929
3844,20060928
3845,20060927
3846,20060926
3847,20060925
3848,20060922
3849,20060921
3850,20060920
3851,20060919
3852,20060918
3853,20060915
3854,20060914
3855,20060913
3856,20060912
3857,20060911
3858,20060908
3859,20060907
3860,20060906
3861,20060905
3862,20060904
3863,20060901
3864,20060831
3865,20060830
3866,20060829
3867,20060828
3868,20060825
3869,20060824
3870,20060823
3871,20060822
3872,20060821
3873,20060818
3874,20060817
3875,20060816
3876,20060815
3877,20060814
3878,20060811
3879,20060810
3880,20060809
3881,20060808
3882,20060807
3883,20060804
3884,20060803
3885,20060802
3886,20060801
3887,20060731
3888,20060728
3889,20060727
3890,20060726
3891,20060725
3892,20060724
3893,20060721
3894,20060720
3895,20060719
3896,20060718
3897,20060717
3898,20060714
3899,20060713
3900,20060712
3901,20060711
3902,20060710
3903,20060707
3904,20060706
3905,20060705
3906,20060704
3907,20060703
3908,20060630
3909,20060629
3910,20060628
3911,20060627
3912,20060626
3913,20060623
3914,20060622
3915,20060621
3916,20060620
3917,20060619
3918,20060616
3919,20060615
3920,20060614
3921,20060613
3922,20060612
3923,20060609
3924,20060608
3925,20060607
3926,20060606
3927,20060605
3928,20060511
3929,20060510
3930,20060509
3931,20060508
3932,20060428
3933,20060303
3934,20060302
3935,20060301
3936,20060227
3937,20060224
3938,20060223
3939,20060222
3940,20060221
3941,20060220
3942,20060217
3943,20060216
3944,20060215
3945,20060214
3946,20060213
3947,20060210
3948,20060209
3949,20060208
3950,20060207
3951,20060206
3952,20060125
3953,20060124
3954,20060123
3955,20060120
3956,20060119
3957,20060118
3958,20060117
3959,20060116
3960,20060113
3961,20060112
3962,20060111
3963,20060110
3964,20060109
3965,20060106
3966,20060105
3967,20060104
3968,20051230
3969,20051229
3970,20051228
3971,20051227
3972,20051226
3973,20051223
3974,20051222
3975,20051221
3976,20051220
3977,20051219
3978,20051216
3979,20051215
3980,20051214
3981,20051213
3982,20051212
3983,20051209
3984,20051208
3985,20051207
3986,20051206
3987,20051205
3988,20051202
3989,20051201
3990,20051130
3991,20051129
3992,20051128
3993,20051125
3994,20051124
3995,20051123
3996,20051122
3997,20051121
3998,20051118
3999,20051117
4000,20051116
4001,20051115
4002,20051114
4003,20051111
4004,20051110
4005,20051109
4006,20051108
4007,20051107
4008,20051104
4009,20051103
4010,20051102
4011,20051101
4012,20051031
4013,20051028
4014,20051027
4015,20051026
4016,20051025
4017,20051024
4018,20051021
4019,20051020
4020,20051019
4021,20051018
4022,20051017
4023,20051014
4024,20051013
4025,20051012
4026,20051011
4027,20051010
4028,20050930
4029,20050929
4030,20050928
4031,20050927
4032,20050926
4033,20050923
4034,20050922
4035,20050921
4036,20050920
4037,20050919
4038,20050916
4039,20050915
4040,20050914
4041,20050913
4042,20050912
4043,20050909
4044,20050908
4045,20050907
4046,20050906
4047,20050905
4048,20050902
4049,20050901
4050,20050831
4051,20050830
4052,20050829
4053,20050826
4054,20050825
4055,20050824
4056,20050823
4057,20050822
4058,20050819
4059,20050818
4060,20050817
4061,20050816
4062,20050815
4063,20050812
4064,20050811
4065,20050810
4066,20050809
4067,20050808
4068,20050805
4069,20050804
4070,20050803
4071,20050802
4072,20050801
4073,20050729
4074,20050728
4075,20050727
4076,20050726
4077,20050725
4078,20050722
4079,20050721
4080,20050720
4081,20050719
4082,20050718
4083,20050715
4084,20050714
4085,20050713
4086,20050712
4087,20050711
4088,20050708
4089,20050707
4090,20050706
4091,20050705
4092,20050704
4093,20050701
4094,20050630
4095,20050629
4096,20050628
4097,20050627
4098,20050624
4099,20050623
4100,20050622
4101,20050621
4102,20050620
4103,20050617
4104,20050616
4105,20050615
4106,20050614
4107,20050613
4108,20050610
4109,20050609
4110,20050608
4111,20050607
4112,20050606
4113,20050603
4114,20050602
4115,20050601
4116,20050531
4117,20050530
4118,20050527
4119,20050526
4120,20050525
4121,20050524
4122,20050523
4123,20050520
4124,20050519
4125,20050518
4126,20050517
4127,20050516
4128,20050513
4129,20050512
4130,20050511
4131,20050510
4132,20050509
4133,20050429
4134,20050427
4135,20050426
4136,20050425
4137,20050422
4138,20050421
4139,20050420
4140,20050419
4141,20050418
4142,20050415
4143,20050414
4144,20050413
4145,20050412
4146,20050411
4147,20050408
4148,20050407
4149,20050406
4150,20050405
4151,20050404
4152,20050401
4153,20050331
4154,20050330
4155,20050329
4156,20050328
4157,20050325
4158,20050324
4159,20050323
4160,20050322
4161,20050321
4162,20050318
4163,20050317
4164,20050316
4165,20050315
4166,20050314
4167,20050311
4168,20050310
4169,20050309
4170,20050308
4171,20050307
4172,20050304
4173,20050303
4174,20050302
4175,20050301
4176,20050228
4177,20050225
4178,20050224
4179,20050223
4180,20050222
4181,20050221
4182,20050218
4183,20050217
4184,20050216
4185,20050204
4186,20050203
4187,20050202
4188,20050201
4189,20050131
4190,20050128
4191,20050127
4192,20050126
4193,20050125
4194,20050124
4195,20050121
4196,20050120
4197,20050119
4198,20050118
4199,20050117
4200,20050114
4201,20050113
4202,20050112
4203,20050111
4204,20050110
4205,20050107
4206,20050106
4207,20050105
4208,20050104
4209,20041231
4210,20041230
4211,20041229
4212,20041227
4213,20041224
4214,20041223
4215,20041222
4216,20041221
4217,20041220
4218,20041217
4219,20041216
4220,20041215
4221,20041214
4222,20041213
4223,20041210
4224,20041209
4225,20041208
4226,20041207
4227,20041206
4228,20041203
4229,20041202
4230,20041201
4231,20041130
4232,20041129
4233,20041126
4234,20041125
4235,20041124
4236,20041123
4237,20041122
4238,20041119
4239,20041118
4240,20041117
4241,20041116
4242,20041115
4243,20041112
4244,20041111
4245,20041110
4246,20041109
4247,20041108
4248,20041105
4249,20041104
4250,20041103
4251,20041102
4252,20041101
4253,20041029
4254,20041027
4255,20041026
4256,20041025
4257,20041022
4258,20041021
4259,20041020
4260,20041019
4261,20041018
4262,20041015
4263,20041014
4264,20041013
4265,20041012
4266,20041011
4267,20041008
4268,20040930
4269,20040929
4270,20040928
4271,20040927
4272,20040924
4273,20040923
4274,20040922
4275,20040921
4276,20040920
4277,20040917
4278,20040916
4279,20040915
4280,20040914
4281,20040913
4282,20040910
4283,20040909
4284,20040908
4285,20040907
4286,20040906
4287,20040903
4288,20040902
4289,20040901
4290,20040831
4291,20040830
4292,20040827
4293,20040826
4294,20040825
4295,20040824
4296,20040823
4297,20040820
4298,20040819
4299,20040818
4300,20040817
4301,20040816
4302,20040813
4303,20040812
4304,20040811
4305,20040810
4306,20040809
4307,20040806
4308,20040805
4309,20040804
4310,20040803
4311,20040802
4312,20040730
4313,20040729
4314,20040728
4315,20040727
4316,20040726
4317,20040723
4318,20040722
4319,20040721
4320,20040720
4321,20040719
4322,20040716
4323,20040715
4324,20040714
4325,20040713
4326,20040712
4327,20040709
4328,20040708
4329,20040707
4330,20040706
4331,20040705
4332,20040702
4333,20040701
4334,20040630
4335,20040629
4336,20040628
4337,20040625
4338,20040624
4339,20040623
4340,20040622
4341,20040621
4342,20040618
4343,20040617
4344,20040616
4345,20040615
4346,20040614
4347,20040611
4348,20040610
4349,20040609
4350,20040608
4351,20040607
4352,20040604
4353,20040603
4354,20040602
4355,20040601
4356,20040531
4357,20040527
4358,20040526
4359,20040525
4360,20040524
4361,20040521
4362,20040520
4363,20040519
4364,20040518
4365,20040517
4366,20040514
4367,20040513
4368,20040512
4369,20040511
4370,20040510
4371,20040430
4372,20040429
4373,20040428
4374,20040427
4375,20040426
4376,20040423
4377,20040422
4378,20040421
4379,20040420
4380,20040419
4381,20040416
4382,20040415
4383,20040414
4384,20040413
4385,20040412
4386,20040409
4387,20040408
4388,20040407
4389,20040406
4390,20040405
4391,20040402
4392,20040401
4393,20040331
4394,20040330
4395,20040329
4396,20040326
4397,20040325
4398,20040324
4399,20040323
4400,20040322
4401,20040319
4402,20040318
4403,20040317
4404,20040316
4405,20040315
4406,20040312
4407,20040311
4408,20040310
4409,20040309
4410,20040308
4411,20040305
4412,20040304
4413,20040303
4414,20040302
4415,20040301
4416,20040227
4417,20040226
4418,20040225
4419,20040224
4420,20040223
4421,20040220
4422,20040219
4423,20040218
4424,20040217
4425,20040216
4426,20040213
4427,20040212
4428,20040211
4429,20040210
4430,20040209
4431,20040206
4432,20040205
4433,20040204
4434,20040203
4435,20040202
4436,20040130
4437,20040129
4438,20040116
4439,20040115
4440,20040114
4441,20040113
4442,20040112
4443,20040109
4444,20040108
4445,20040107
4446,20040106
4447,20040105
4448,20040102
4449,20031231
4450,20031230
4451,20031229
4452,20031226
4453,20031225
4454,20031224
4455,20031223
4456,20031222
4457,20031219
4458,20031218
4459,20031217
4460,20031216
4461,20031215
4462,20031212
4463,20031211
4464,20031210
4465,20031209
4466,20031208
4467,20031205
4468,20031204
4469,20031203
4470,20031202
4471,20031201
4472,20031128
4473,20031127
4474,20031126
4475,20031125
4476,20031124
4477,20031121
4478,20031120
4479,20031119
4480,20031118
4481,20031117
4482,20031114
4483,20031113
4484,20031112
4485,20031111
4486,20031110
4487,20031107
4488,20031106
4489,20031105
4490,20031104
4491,20031103
4492,20031031
4493,20031030
4494,20031029
4495,20031028
4496,20031027
4497,20031024
4498,20031023
4499,20031022
4500,20031021
4501,20031020
4502,20031017
4503,20031016
4504,20031015
4505,20031014
4506,20031013
4507,20031010
4508,20031009
4509,20031008
4510,20030930
4511,20030929
4512,20030926
4513,20030925
4514,20030924
4515,20030923
4516,20030922
4517,20030919
4518,20030918
4519,20030917
4520,20030916
4521,20030915
4522,20030912
4523,20030911
4524,20030910
4525,20030909
4526,20030908
4527,20030905
4528,20030904
4529,20030903
4530,20030902
4531,20030901
4532,20030829
4533,20030828
4534,20030827
4535,20030826
4536,20030825
4537,20030822
4538,20030821
4539,20030820
4540,20030819
4541,20030818
4542,20030815
4543,20030814
4544,20030813
4545,20030812
4546,20030811
4547,20030808
4548,20030807
4549,20030806
4550,20030805
4551,20030804
4552,20030801
4553,20030731
4554,20030730
4555,20030729
4556,20030728
4557,20030725
4558,20030724
4559,20030723
4560,20030722
4561,20030721
4562,20030718
4563,20030717
4564,20030716
4565,20030715
4566,20030714
4567,20030711
4568,20030710
4569,20030709
4570,20030708
4571,20030707
4572,20030704
4573,20030703
4574,20030702
4575,20030701
4576,20030630
4577,20030627
4578,20030626
4579,20030625
4580,20030624
4581,20030623
4582,20030620
4583,20030619
4584,20030618
4585,20030617
4586,20030616
4587,20030613
4588,20030612
4589,20030611
4590,20030610
4591,20030609
4592,20030606
4593,20030605
4594,20030604
4595,20030603
4596,20030602
4597,20030530
4598,20030529
4599,20030528
4600,20030527
4601,20030526
4602,20030523
4603,20030522
4604,20030521
4605,20030520
4606,20030519
4607,20030516
4608,20030515
4609,20030514
4610,20030513
4611,20030512
4612,20030430
4613,20030429
4614,20030428
4615,20030425
4616,20030424
4617,20030423
4618,20030422
4619,20030421
4620,20030417
4621,20030416
4622,20030415
4623,20030414
4624,20030411
4625,20030410
4626,20030409
4627,20030408
4628,20030407
4629,20030404
4630,20030403
4631,20030402
4632,20030401
4633,20030331
4634,20030328
4635,20030327
4636,20030326
4637,20030325
4638,20030324
4639,20030321
4640,20030320
4641,20030319
4642,20030318
4643,20030317
4644,20030314
4645,20030313
4646,20030312
4647,20030311
4648,20030310
4649,20030307
4650,20030306
4651,20030305
4652,20030304
4653,20030303
4654,20030228
4655,20030227
4656,20030226
4657,20030225
4658,20030224
4659,20030221
4660,20030220
4661,20030219
4662,20030218
4663,20030217
4664,20030214
4665,20030213
4666,20030212
4667,20030210
4668,20030129
4669,20030128
4670,20030127
4671,20030124
4672,20030123
4673,20030122
4674,20030121
4675,20030120
4676,20030117
4677,20030116
4678,20030115
4679,20030114
4680,20030113
4681,20030110
4682,20030109
4683,20030108
4684,20030107
4685,20030106
4686,20030103
4687,20030102
4688,20021231
4689,20021230
4690,20021227
4691,20021226
4692,20021225
4693,20021224
4694,20021223
4695,20021220
4696,20021219
4697,20021218
4698,20021217
4699,20021216
4700,20021213
4701,20021212
4702,20021211
4703,20021210
4704,20021209
4705,20021206
4706,20021205
4707,20021204
4708,20021203
4709,20021202
4710,20021129
4711,20021128
4712,20021127
4713,20021126
4714,20021125
4715,20021122
4716,20021121
4717,20021120
4718,20021119
4719,20021118
4720,20021115
4721,20021114
4722,20021113
4723,20021112
4724,20021111
4725,20021108
4726,20021107
4727,20021106
4728,20021105
4729,20021104
4730,20021101
4731,20021031
4732,20021030
4733,20021029
4734,20021028
4735,20021025
4736,20021024
4737,20021023
4738,20021022
4739,20021021
4740,20021018
4741,20021017
4742,20021016
4743,20021015
4744,20021014
4745,20021011
4746,20021010
4747,20021009
4748,20021008
4749,20020927
4750,20020926
4751,20020925
4752,20020924
4753,20020923
4754,20020920
4755,20020919
4756,20020918
4757,20020917
4758,20020916
4759,20020913
4760,20020912
4761,20020911
4762,20020910
4763,20020909
4764,20020906
4765,20020905
4766,20020904
4767,20020903
4768,20020902
4769,20020830
4770,20020829
4771,20020828
4772,20020827
4773,20020826
4774,20020823
4775,20020822
4776,20020821
4777,20020820
4778,20020819
4779,20020816
4780,20020815
4781,20020814
4782,20020813
4783,20020812
4784,20020809
4785,20020808
4786,20020807
4787,20020806
4788,20020805
4789,20020802
4790,20020801
4791,20020731
4792,20020730
4793,20020729
4794,20020726
4795,20020725
4796,20020724
4797,20020723
4798,20020722
4799,20020719
4800,20020718
4801,20020717
4802,20020716
4803,20020715
4804,20020712
4805,20020711
4806,20020710
4807,20020709
4808,20020708
4809,20020705
4810,20020704
4811,20020703
4812,20020702
4813,20020701
4814,20020628
4815,20020627
4816,20020626
4817,20020625
4818,20020624
4819,20020621
4820,20020620
4821,20020619
4822,20020618
4823,20020617
4824,20020614
4825,20020613
4826,20020612
4827,20020611
4828,20020610
4829,20020607
4830,20020606
4831,20020605
4832,20020604
4833,20020603
4834,20020531
4835,20020530
4836,20020529
4837,20020528
4838,20020527
4839,20020524
4840,20020523
4841,20020522
4842,20020521
4843,20020520
4844,20020517
4845,20020516
4846,20020515
4847,20020514
4848,20020513
4849,20020510
4850,20020509
4851,20020508
4852,20020430
4853,20020429
4854,20020426
4855,20020425
4856,20020424
4857,20020423
4858,20020422
4859,20020419
4860,20020417
4861,20020416
4862,20020415
4863,20020412
4864,20020411
4865,20020410
4866,20020409
4867,20020408
4868,20020405
4869,20020404
4870,20020403
4871,20020402
4872,20020401
4873,20020329
4874,20020328
4875,20020327
4876,20020326
4877,20020325
4878,20020322
4879,20020321
4880,20020320
4881,20020319
4882,20020318
4883,20020315
4884,20020314
4885,20020313
4886,20020312
4887,20020311
4888,20020308
4889,20020307
4890,20020306
4891,20020305
4892,20020304
4893,20020301
4894,20020228
4895,20020227
4896,20020226
4897,20020225
4898,20020208
4899,20020207
4900,20020206
4901,20020205
4902,20020204
4903,20020201
4904,20020131
4905,20020130
4906,20020129
4907,20020128
4908,20020125
4909,20020124
4910,20020123
4911,20020122
4912,20020121
4913,20020118
4914,20020117
4915,20020116
4916,20020115
4917,20020114
4918,20020111
4919,20020110
4920,20020109
4921,20020108
4922,20020107
4923,20020104
4924,20011231
4925,20011227
4926,20011226
4927,20011225
4928,20011224
4929,20011221
4930,20011220
4931,20011219
4932,20011218
4933,20011217
4934,20011214
4935,20011213
4936,20011212
4937,20011211
4938,20011210
4939,20011207
4940,20011206
4941,20011205
4942,20011204
4943,20011203
4944,20011130
4945,20011129
4946,20011128
4947,20011127
4948,20011126
4949,20011123
4950,20011122
4951,20011121
4952,20011120
4953,20011119
4954,20011116
4955,20011115
4956,20011114
4957,20011113
4958,20011112
4959,20011109
4960,20011108
4961,20011107
4962,20011106
4963,20011105
4964,20011102
4965,20011101
4966,20011031
4967,20011030
4968,20011029
4969,20011026
4970,20011025
4971,20011024
4972,20011023
4973,20011022
4974,20011019
4975,20011018
4976,20011017
4977,20011016
4978,20011015
4979,20011012
4980,20011011
4981,20011010
4982,20011009
4983,20011008
4984,20010928
4985,20010927
4986,20010926
4987,20010925
4988,20010924
4989,20010921
4990,20010920
4991,20010919
4992,20010918
4993,20010917
4994,20010914
4995,20010913
4996,20010912
4997,20010911
4998,20010910
4999,20010907
5000,20010906
5001,20010905
5002,20010904
5003,20010903
5004,20010831
5005,20010830
5006,20010829
5007,20010828
5008,20010827
5009,20010824
5010,20010823
5011,20010822
5012,20010821
5013,20010820
5014,20010817
5015,20010816
5016,20010815
5017,20010814
5018,20010813
5019,20010810
5020,20010809
5021,20010808
5022,20010807
5023,20010806
5024,20010803
5025,20010802
5026,20010801
5027,20010731
5028,20010730
5029,20010727
5030,20010726
5031,20010725
5032,20010724
5033,20010723
5034,20010720
5035,20010719
5036,20010718
5037,20010717
5038,20010716
5039,20010713
5040,20010712
5041,20010711
5042,20010710
5043,20010709
5044,20010706
5045,20010705
5046,20010704
5047,20010703
5048,20010702
5049,20010629
5050,20010628
5051,20010627
5052,20010626
5053,20010625
5054,20010622
5055,20010621
5056,20010620
5057,20010619
5058,20010618
5059,20010615
5060,20010614
5061,20010613
5062,20010612
5063,20010611
5064,20010608
5065,20010607
5066,20010606
5067,20010605
5068,20010604
5069,20010601
5070,20010531
5071,20010530
5072,20010529
5073,20010528
5074,20010524
5075,20010523
5076,20010522
5077,20010521
5078,20010518
5079,20010517
5080,20010516
5081,20010515
5082,20010514
5083,20010511
5084,20010510
5085,20010509
5086,20010508
5087,20010430
5088,20010427
5089,20010426
5090,20010425
5091,20010424
5092,20010423
5093,20010420
5094,20010419
5095,20010418
5096,20010417
5097,20010416
5098,20010413
5099,20010412
5100,20010411
5101,20010410
5102,20010409
5103,20010406
5104,20010405
5105,20010404
5106,20010403
5107,20010402
5108,20010330
5109,20010329
5110,20010328
5111,20010327
5112,20010326
5113,20010323
5114,20010322
5115,20010321
5116,20010320
5117,20010319
5118,20010316
5119,20010315
5120,20010314
5121,20010313
5122,20010312
5123,20010309
5124,20010308
5125,20010307
5126,20010306
5127,20010305
5128,20010302
5129,20010301
5130,20010228
5131,20010227
5132,20010226
5133,20010223
5134,20010222
5135,20010221
5136,20010220
5137,20010219
5138,20010216
5139,20010215
5140,20010214
5141,20010213
5142,20010212
5143,20010209
5144,20010208
5145,20010207
5146,20010206
5147,20010205
5148,20010119
5149,20010118
5150,20010117
5151,20010116
5152,20010115
5153,20010112
5154,20010111
5155,20010110
5156,20010109
5157,20010108
5158,20010105
5159,20010104
5160,20010103
5161,20010102
5162,20001229
5163,20001228
5164,20001227
5165,20001226
5166,20001225
5167,20001222
5168,20001221
5169,20001220
5170,20001219
5171,20001218
5172,20001215
5173,20001214
5174,20001213
5175,20001212
5176,20001211
5177,20001208
5178,20001207
5179,20001206
5180,20001205
5181,20001204
5182,20001201
5183,20001130
5184,20001129
5185,20001128
5186,20001127
5187,20001124
5188,20001123
5189,20001122
5190,20001121
5191,20001120
5192,20001117
5193,20001116
5194,20001115
5195,20001114
5196,20001113
5197,20001110
5198,20001109
5199,20001108
5200,20001107
5201,20001106
5202,20001103
5203,20001102
5204,20001101
5205,20001031
5206,20001030
5207,20001027
5208,20001026
5209,20001025
5210,20001024
5211,20001023
5212,20001020
5213,20001019
5214,20001018
5215,20001017
5216,20001016
5217,20001013
5218,20001012
5219,20001011
5220,20001010
5221,20001009
5222,20000929
5223,20000928
5224,20000927
5225,20000926
5226,20000925
5227,20000922
5228,20000921
5229,20000920
5230,20000919
5231,20000918
5232,20000915
5233,20000914
5234,20000913
5235,20000912
5236,20000911
5237,20000908
5238,20000907
5239,20000906
5240,20000905
5241,20000904
5242,20000901
5243,20000831
5244,20000830
5245,20000829
5246,20000828
5247,20000825
5248,20000824
5249,20000823
5250,20000822
5251,20000821
5252,20000818
5253,20000817
5254,20000816
5255,20000815
5256,20000814
5257,20000811
5258,20000810
5259,20000809
5260,20000808
5261,20000807
5262,20000804
5263,20000803
5264,20000802
5265,20000801
5266,20000731
5267,20000728
5268,20000727
5269,20000726
5270,20000725
5271,20000724
5272,20000721
5273,20000720
5274,20000719
5275,20000718
5276,20000717
5277,20000714
5278,20000713
5279,20000712
5280,20000711
5281,20000710
5282,20000707
5283,20000706
5284,20000705
5285,20000704
5286,20000703
5287,20000630
5288,20000629
5289,20000628
5290,20000627
5291,20000626
5292,20000623
5293,20000622
5294,20000621
5295,20000620
5296,20000619
5297,20000616
5298,20000615
5299,20000614
5300,20000613
5301,20000612
5302,20000609
5303,20000608
5304,20000607
5305,20000606
5306,20000605
5307,20000602
5308,20000601
5309,20000531
5310,20000530
5311,20000529
5312,20000526
5313,20000525
5314,20000524
5315,20000523
5316,20000522
5317,20000519
5318,20000517
5319,20000516
5320,20000515
5321,20000512
5322,20000511
5323,20000510
5324,20000509
5325,20000508
5326,20000428
5327,20000427
5328,20000426
5329,20000425
5330,20000424
5331,20000421
5332,20000420
5333,20000419
5334,20000418
5335,20000417
5336,20000414
5337,20000413
5338,20000412
5339,20000411
5340,20000410
5341,20000407
5342,20000406
5343,20000405
5344,20000404
5345,20000403
5346,20000331
5347,20000330
5348,20000329
5349,20000328
5350,20000327
5351,20000324
5352,20000323
5353,20000322
5354,20000321
5355,20000320
5356,20000317
5357,20000316
5358,20000315
5359,20000314
5360,20000313
5361,20000310
5362,20000309
5363,20000308
5364,20000307
5365,20000306
5366,20000303
5367,20000302
5368,20000301
5369,20000229
5370,20000228
5371,20000225
5372,20000224
5373,20000223
5374,20000222
5375,20000221
5376,20000218
5377,20000217
5378,20000216
5379,20000215
5380,20000214
5381,20000128
5382,20000127
5383,20000126
5384,20000125
5385,20000124
5386,20000121
5387,20000120
5388,20000119
5389,20000118
5390,20000117
5391,20000114
5392,20000113
5393,20000112
5394,20000111
5395,20000110
5396,20000107
5397,20000106
5398,20000105
5399,20000104
